run_id,variant_id,training_seed,evaluation_seed,environment_id,length_steps,termination_reason,robust_success,action_saturation_fraction,action_sign_changes_per_second,action_total_variation,cart_position_rms,longest_upright_seconds,max_abs_cart_position,mean_abs_action_delta,mean_abs_cart_velocity,mean_abs_normalized_action,mean_abs_requested_effort,pole_angle_rms_radians,pole_angular_velocity_rms,upright_fraction_12deg
phase2_cartpole_controlled_ablation__B0__seed7,B0,7,101,0,1800,time_limit,True,0.0011111111111111111,0.0,3.6024813652038574,1.093887764141365,29.916666666666668,1.7619863748550415,0.002002491031241722,0.0694526884290907,0.007276628812154134,0.7276632351345486,0.036886107070495805,0.35494415512573385,0.9972222222222222
phase2_cartpole_controlled_ablation__B0__seed7,B0,7,101,1,1800,time_limit,True,0.0005555555555555556,0.03333333333333333,1.2140142917633057,0.9446767404145231,29.983333333333334,1.091172456741333,0.0006748272883620376,0.07630929734971788,0.00795283317565918,0.79529296875,0.019151285883197332,0.1004023299792465,0.9994444444444445
phase2_cartpole_controlled_ablation__B0__seed7,B0,7,101,2,1800,time_limit,True,0.0,0.0,0.11860644817352295,0.9423979763640384,29.983333333333334,1.0166910886764526,6.592909848444855e-05,0.04543053944905599,0.0046768871943155925,0.4676740180121528,0.019160768285480082,0.008103137466189613,0.9994444444444445
phase2_cartpole_controlled_ablation__B0__seed7,B0,7,101,3,1800,time_limit,True,0.0,0.0,0.8252830505371094,0.9412683595417829,30.0,1.0167156457901,0.0004587454422107334,0.06988764868842232,0.007283066113789876,0.7283167182074652,0.011059969646176709,0.07112080824153505,1.0
phase2_cartpole_controlled_ablation__B0__seed7,B0,7,101,4,1800,time_limit,True,0.0005555555555555556,0.0,1.5290186405181885,0.99798462277315,29.966666666666665,1.0179657936096191,0.0008499269819445183,0.022483047909206813,0.00227926943037245,0.22791737874348958,0.020053682635053867,0.1112239190818094,0.9988888888888889
phase2_cartpole_controlled_ablation__B0__seed7,B0,7,101,5,1800,time_limit,True,0.0005555555555555556,0.03333333333333333,2.5264534950256348,1.0082927769262935,29.85,1.8515686988830566,0.0014043654780576068,0.12922892252604168,0.01351400481330024,1.3513978407118055,0.041281047401184545,0.23478751493956238,0.995
phase2_cartpole_controlled_ablation__B0__seed7,B0,7,101,6,1800,time_limit,True,0.0005555555555555556,0.0,2.408327579498291,0.9707859011347527,29.933333333333334,1.0168544054031372,0.0013387034905493558,0.04704283820258247,0.004797245131598579,0.47970838758680556,0.016637924862780536,0.16449559444362893,0.9977777777777778
phase2_cartpole_controlled_ablation__B0__seed7,B0,7,101,7,1800,time_limit,True,0.0005555555555555556,0.03333333333333333,2.5844671726226807,0.9446295742523009,29.866666666666667,1.1880756616592407,0.001436613214353908,0.11046538458930122,0.011481385760837131,1.1481377495659721,0.03550350165372384,0.22469273060767683,0.9955555555555555
phase2_cartpole_controlled_ablation__B0__seed7,B0,7,101,8,1800,time_limit,True,0.0,0.0,0.6257742643356323,1.0299348792895875,29.983333333333334,1.161049723625183,0.0003478456166401514,0.011279653973049588,0.001167639758851793,0.11676563686794705,0.017602042421767546,0.06342530983746564,0.9994444444444445
phase2_cartpole_controlled_ablation__B0__seed7,B0,7,101,9,1800,time_limit,True,0.0,0.0,0.30320197343826294,0.9777571512223744,29.983333333333334,1.0165849924087524,0.0001685391736732979,0.023643434312608506,0.0024222119649251303,0.2422262912326389,0.016556802385414078,0.03226452681648423,0.9994444444444445
phase2_cartpole_controlled_ablation__B0__seed7,B0,7,101,10,1800,time_limit,True,0.0,0.0,0.3524458706378937,0.9488935485455438,29.983333333333334,1.0166593790054321,0.00019591210152189754,0.03640596601698134,0.0038099278344048393,0.3809983656141493,0.009020217405352053,0.033123310373907484,0.9994444444444445
phase2_cartpole_controlled_ablation__B0__seed7,B0,7,101,11,1800,time_limit,True,0.0,0.0,0.29409876465797424,0.937985732095884,29.983333333333334,1.0167078971862793,0.00016347902426791232,0.05683203379313151,0.005915784835815429,0.591588609483507,0.019728236027768443,0.025381920781597813,0.9994444444444445
phase2_cartpole_controlled_ablation__B0__seed7,B0,7,101,12,1800,time_limit,True,0.0011111111111111111,0.0,3.4097371101379395,1.0078705705707303,29.9,1.0775651931762695,0.0018953513675030237,0.049854003058539494,0.005140259000990126,0.514039543999566,0.03147371955834456,0.2737050867033799,0.9966666666666667
phase2_cartpole_controlled_ablation__B0__seed7,B0,7,101,13,1800,time_limit,True,0.0005555555555555556,0.0,2.485776424407959,0.9303256665338391,29.866666666666667,1.0167148113250732,0.0013817545438621229,0.09876404656304254,0.010256826612684462,1.0257251654730903,0.032819869207976145,0.2132705778961525,0.9955555555555555
phase2_cartpole_controlled_ablation__B0__seed7,B0,7,101,14,1800,time_limit,True,0.0011111111111111111,0.0,3.5864453315734863,1.011237250018339,29.9,1.1038744449615479,0.0019935771715250063,0.0555353758070204,0.005721407996283637,0.5721528455946181,0.02950425283664273,0.29888508217178567,0.9966666666666667
phase2_cartpole_controlled_ablation__B0__seed7,B0,7,101,15,1800,time_limit,True,0.0,0.0,0.9348520040512085,0.9583386053410241,30.0,1.0166831016540527,0.0005196509194281315,0.04059776730007596,0.004165258937411838,0.41653113471137154,0.009703717569087368,0.06503120708408149,1.0
phase2_cartpole_controlled_ablation__B0__seed7,B0,7,101,16,1800,time_limit,True,0.0005555555555555556,0.03333333333333333,2.720999240875244,0.9728250355560796,29.833333333333332,1.528098464012146,0.0015125065263342102,0.1275835418701172,0.013279089397854275,1.3279078504774307,0.04280749957729628,0.24487157072174018,0.9944444444444445
phase2_cartpole_controlled_ablation__B0__seed7,B0,7,101,17,1800,time_limit,True,0.0,0.0,0.3172975182533264,0.9414632301796931,29.983333333333334,1.0167064666748047,0.00017637438479895854,0.05575468275282118,0.005694789356655545,0.5694898139105903,0.01670813368997505,0.03568782227105846,0.9994444444444445
phase2_cartpole_controlled_ablation__B0__seed7,B0,7,101,18,1800,time_limit,True,0.0005555555555555556,0.0,2.098540782928467,0.9309101437553078,29.883333333333333,1.0166622400283813,0.0011665040483204373,0.06390008714463975,0.006645813518100315,0.6645908610026041,0.028733490428362353,0.1804274503966489,0.9961111111111111
phase2_cartpole_controlled_ablation__B0__seed7,B0,7,101,19,1800,time_limit,True,0.0,0.0,0.3421546518802643,1.0109588322066663,29.983333333333334,1.0192188024520874,0.00019019157969998014,0.008029044999016657,0.0008004195822609796,0.08004363165961371,0.00897107868113032,0.0404299430409094,0.9994444444444445
phase2_cartpole_controlled_ablation__B0__seed7,B0,7,101,20,1800,time_limit,True,0.0005555555555555556,0.0,2.3790693283081055,0.9779243282347935,29.933333333333334,1.0170164108276367,0.0013224398712107313,0.04172295888264974,0.004272240002950033,0.4272304280598958,0.01887319851236845,0.1642923994790514,0.9977777777777778
phase2_cartpole_controlled_ablation__B0__seed7,B0,7,101,21,1800,time_limit,True,0.0,0.0,0.11154542118310928,0.9877561942413486,29.983333333333334,1.016463279724121,6.200412517126697e-05,0.015573291778564454,0.0015911482440100777,0.15911014133029514,0.014518056962570022,0.013943825460507434,0.9994444444444445
phase2_cartpole_controlled_ablation__B0__seed7,B0,7,101,22,1800,time_limit,True,0.0005555555555555556,0.0,1.8911736011505127,0.9324751405240316,29.933333333333334,1.0167111158370972,0.0010512360206506462,0.07630594041612414,0.007946830855475531,0.7946921115451389,0.020976771253592513,0.1539657176668275,0.9977777777777778
phase2_cartpole_controlled_ablation__B0__seed7,B0,7,101,23,1800,time_limit,True,0.0011111111111111111,0.0,3.525949716567993,1.034690736523429,29.9,1.2552881240844727,0.001959949814657028,0.053064846462673614,0.00549986203511556,0.5499707709418403,0.029365857327076157,0.3030146272246044,0.9966666666666667
phase2_cartpole_controlled_ablation__B0__seed7,B0,7,101,24,1800,time_limit,True,0.0,0.0,0.16814562678337097,0.9425565672610738,29.983333333333334,1.0167163610458374,9.346616274784378e-05,0.06607865227593315,0.006804812749226888,0.6804909939236111,0.012084415650401439,0.012737158254694052,0.9994444444444445
phase2_cartpole_controlled_ablation__B0__seed42,B0,42,101,0,1800,time_limit,True,0.0005555555555555556,0.13333333333333333,2.5103986263275146,1.4959180207572838,28.966666666666665,2.1463701725006104,0.0013954411485978403,0.27803336249457467,0.030034480624728733,3.0034507921006943,0.07320226052921765,0.20897633316238073,0.9855555555555555
phase2_cartpole_controlled_ablation__B0__seed42,B0,42,101,1,1800,time_limit,True,0.0,0.13333333333333333,2.024045944213867,1.462836611013285,29.983333333333334,1.9074645042419434,0.0011250950217975915,0.2515472412109375,0.027040570576985678,2.704060601128472,0.05285764000305768,0.11995314619397536,0.9994444444444445
phase2_cartpole_controlled_ablation__B0__seed42,B0,42,101,2,1800,time_limit,True,0.0,0.1,1.3349335193634033,1.47357773538789,29.983333333333334,1.9035389423370361,0.0007420419785232926,0.22438403659396702,0.024000413682725694,2.400041232638889,0.05067666001647854,0.07586318019058398,0.9994444444444445
phase2_cartpole_controlled_ablation__B0__seed42,B0,42,101,3,1800,time_limit,True,0.0005555555555555556,0.13333333333333333,2.3027167320251465,1.4642817208844476,30.0,1.9073748588562012,0.0012799981834492199,0.2785460408528646,0.029539222717285155,2.9539208984375,0.05582494141250591,0.12595977224457053,1.0
phase2_cartpole_controlled_ablation__B0__seed42,B0,42,101,4,1800,time_limit,True,0.0,0.06666666666666667,1.474195122718811,1.4890489735744505,29.8,1.8909510374069214,0.000819452541811457,0.19616867065429688,0.021120599110921224,2.112061767578125,0.04902683903146945,0.07752780101190639,0.9933333333333333
phase2_cartpole_controlled_ablation__B0__seed42,B0,42,101,5,1800,time_limit,True,0.0005555555555555556,0.13333333333333333,2.8134379386901855,1.466910833206342,29.833333333333332,1.9073055982589722,0.001563889904774978,0.29034803602430553,0.031358765496148,3.1358751085069443,0.06314821007531739,0.2290362732730918,0.9944444444444445
phase2_cartpole_controlled_ablation__B0__seed42,B0,42,101,6,1800,time_limit,True,0.0,0.1,1.7555280923843384,1.4820017120218734,29.7,1.9182201623916626,0.0009758355154999102,0.23258285522460936,0.024834327697753907,2.4834337022569444,0.055677705100536566,0.10302477760594353,0.99
phase2_cartpole_controlled_ablation__B0__seed42,B0,42,101,7,1800,time_limit,True,0.0005555555555555556,0.13333333333333333,2.4900012016296387,1.4554307982840509,29.85,1.9072078466415405,0.0013841029469870143,0.2553686184353299,0.027598325941297745,2.759832356770833,0.061328518077241274,0.2155745934188233,0.995
phase2_cartpole_controlled_ablation__B0__seed42,B0,42,101,8,1800,time_limit,True,0.0,0.06666666666666667,1.1340194940567017,1.5015739264942736,29.983333333333334,1.814370036125183,0.0006303610306040587,0.1446045430501302,0.015490059322781033,1.5490062120225694,0.035220816391313865,0.05476869640725721,0.9994444444444445
phase2_cartpole_controlled_ablation__B0__seed42,B0,42,101,9,1800,time_limit,True,0.0,0.1,1.7034140825271606,1.4769663432160718,29.983333333333334,1.889145016670227,0.0009468671942896947,0.20241955227322048,0.02183438195122613,2.183441704644097,0.050316750377826736,0.07202282874510349,0.9994444444444445
phase2_cartpole_controlled_ablation__B0__seed42,B0,42,101,10,1800,time_limit,True,0.0,0.1,2.125011682510376,1.463282941618231,29.983333333333334,1.9050849676132202,0.0011812182782158843,0.23357857598198783,0.02496032502916124,2.4960308159722224,0.05418559257281942,0.10044720049633808,0.9994444444444445
phase2_cartpole_controlled_ablation__B0__seed42,B0,42,101,11,1800,time_limit,True,0.0,0.13333333333333333,1.4999016523361206,1.4696697585575986,29.983333333333334,1.9064500331878662,0.0008337418856787774,0.2355345662434896,0.025238399505615235,2.5238327365451387,0.05183963985040674,0.07997932935272388,0.9994444444444445
phase2_cartpole_controlled_ablation__B0__seed42,B0,42,101,12,1800,time_limit,True,0.0005555555555555556,0.13333333333333333,2.7680752277374268,1.489893934327835,28.733333333333334,2.0438923835754395,0.001538674390070832,0.277907223171658,0.029450191921657987,2.9450105794270836,0.07218858065766472,0.20372374362179235,0.9716666666666667
phase2_cartpole_controlled_ablation__B0__seed42,B0,42,101,13,1800,time_limit,True,0.0005555555555555556,0.13333333333333333,3.0785162448883057,1.4537990334892597,29.133333333333333,1.9074292182922363,0.0017112374902102866,0.3046532185872396,0.03245635350545247,3.2456374782986113,0.0674827260021549,0.22246220452216983,0.9811111111111112
phase2_cartpole_controlled_ablation__B0__seed42,B0,42,101,14,1800,time_limit,True,0.0005555555555555556,0.1,2.272918462753296,1.485876387997328,29.683333333333334,1.9552443027496338,0.0012634343873003313,0.25021526760525176,0.026882328457302516,2.688229709201389,0.06636555141353027,0.17081950682225136,0.9894444444444445
phase2_cartpole_controlled_ablation__B0__seed42,B0,42,101,15,1800,time_limit,True,0.0,0.13333333333333333,1.7067265510559082,1.4644301036337717,29.533333333333335,1.9065479040145874,0.0009487084775185704,0.234134521484375,0.02492879655626085,2.492878689236111,0.057772162400942746,0.07067341048373041,0.9866666666666667
phase2_cartpole_controlled_ablation__B0__seed42,B0,42,101,16,1800,time_limit,True,0.0005555555555555556,0.13333333333333333,3.157210111618042,1.4760286641540923,29.116666666666667,1.9071978330612183,0.0017549806067915742,0.32811082628038196,0.0350814692179362,3.5081507703993053,0.07285002069600245,0.2638003802079771,0.9777777777777777
phase2_cartpole_controlled_ablation__B0__seed42,B0,42,101,17,1800,time_limit,True,0.0,0.13333333333333333,1.5037921667099,1.4640629632099351,29.983333333333334,1.9075474739074707,0.0008359044839966091,0.24263075086805555,0.02589265399509006,2.5892705620659724,0.05592105190328277,0.0710702263337208,0.9994444444444445
phase2_cartpole_controlled_ablation__B0__seed42,B0,42,101,18,1800,time_limit,True,0.0,0.1,1.973775863647461,1.4658184488685504,29.833333333333332,1.8905539512634277,0.0010971516751792445,0.2203663126627604,0.02378940158420139,2.3789412434895834,0.0562264169305917,0.17342626403520975,0.9944444444444445
phase2_cartpole_controlled_ablation__B0__seed42,B0,42,101,19,1800,time_limit,True,0.0,0.1,1.6601744890213013,1.4793463799278233,29.983333333333334,1.8659948110580444,0.0009228318449256817,0.18814815945095487,0.020054452684190538,2.005445556640625,0.047020137878061495,0.06732898964421005,0.9994444444444445
phase2_cartpole_controlled_ablation__B0__seed42,B0,42,101,20,1800,time_limit,True,0.0,0.1,1.4841150045394897,1.4801804771012441,29.633333333333333,1.9120893478393555,0.000824966650661195,0.2243791029188368,0.02412392298380534,2.412392849392361,0.057024579405600476,0.09598940979860308,0.9877777777777778
phase2_cartpole_controlled_ablation__B0__seed42,B0,42,101,21,1800,time_limit,True,0.0,0.06666666666666667,1.016863226890564,1.4895897071541955,29.983333333333334,1.8501636981964111,0.0005652380360703524,0.17294004652235243,0.018515686459011502,1.8515690104166667,0.03889586787195891,0.057879862903964845,0.9994444444444445
phase2_cartpole_controlled_ablation__B0__seed42,B0,42,101,22,1800,time_limit,True,0.0005555555555555556,0.13333333333333333,2.7278239727020264,1.45645330826268,29.916666666666668,1.9074779748916626,0.00151630015158534,0.28188888549804686,0.029957731035020616,2.995773654513889,0.05941330861807354,0.17742676586758094,0.9972222222222222
phase2_cartpole_controlled_ablation__B0__seed42,B0,42,101,23,1800,time_limit,True,0.0005555555555555556,0.13333333333333333,2.390075922012329,1.4897022916515017,29.7,1.9930860996246338,0.0013285580444760028,0.2503760274251302,0.027083761427137587,2.708379177517361,0.0663338020410384,0.1768964072588698,0.99
phase2_cartpole_controlled_ablation__B0__seed42,B0,42,101,24,1800,time_limit,True,0.0,0.1,1.2508374452590942,1.4694596025197495,29.983333333333334,1.9073221683502197,0.0006952959673480235,0.2465324232313368,0.02614596684773763,2.614592556423611,0.04949848534078767,0.06963698673309068,0.9994444444444445
phase2_cartpole_controlled_ablation__B0__seed123,B0,123,101,0,1800,time_limit,True,0.0011111111111111111,0.0,2.1081314086914062,1.05447094613222,29.866666666666667,1.4969360828399658,0.0011718351354593698,0.056041314866807725,0.006152183214823405,0.6152193874782986,0.039849987663736194,0.2768490367204291,0.9955555555555555
phase2_cartpole_controlled_ablation__B0__seed123,B0,123,101,1,1800,time_limit,True,0.0,0.03333333333333333,2.5586280822753906,0.16227814617649883,29.7,1.1394615173339844,0.0014222501847000503,0.045036375257703994,0.006145508024427626,0.614549085828993,0.029115105648735304,0.2433328738273567,0.9944444444444445
phase2_cartpole_controlled_ablation__B0__seed123,B0,123,101,2,1800,time_limit,True,0.0,0.06666666666666667,1.3999996185302734,0.0847706595477103,29.983333333333334,0.36447757482528687,0.0007782099046860886,0.010919578340318467,0.001997204886542426,0.19972034030490451,0.019130602091617602,0.07591592155060173,0.9994444444444445
phase2_cartpole_controlled_ablation__B0__seed123,B0,123,101,3,1800,time_limit,True,0.0011111111111111111,0.03333333333333333,3.2355704307556152,0.2035213834924545,29.566666666666666,1.39656400680542,0.0017985383161509812,0.06308706919352214,0.008452162742614747,0.8452140299479166,0.044088716095400764,0.2836516144670376,0.9883333333333333
phase2_cartpole_controlled_ablation__B0__seed123,B0,123,101,4,1800,time_limit,True,0.0005555555555555556,0.03333333333333333,1.2690197229385376,0.6548857347055541,29.95,0.6641011238098145,0.0007054028476589982,0.011553064982096354,0.0014672695265875923,0.14672687106662327,0.02018918483698935,0.13667119243540496,0.9983333333333333
phase2_cartpole_controlled_ablation__B0__seed123,B0,123,101,5,1800,time_limit,True,0.0011111111111111111,0.1,3.923250436782837,0.22378815565359986,29.466666666666665,1.561328411102295,0.0021807951288398205,0.08207436455620659,0.011319802602132162,1.1319820149739583,0.05347212286385337,0.4148899088609042,0.985
phase2_cartpole_controlled_ablation__B0__seed123,B0,123,101,6,1800,time_limit,True,0.0005555555555555556,0.03333333333333333,1.604014277458191,0.09378989607005261,29.933333333333334,0.9946373701095581,0.000891614384356971,0.029934474097357857,0.0034316576851738823,0.34316650390625,0.021088257219665674,0.19266926687349345,0.9977777777777778
phase2_cartpole_controlled_ablation__B0__seed123,B0,123,101,7,1800,time_limit,True,0.0005555555555555556,0.16666666666666666,4.600734233856201,0.11005756836904035,29.7,0.8367069959640503,0.002557384232271374,0.03979044172498915,0.00716503037346734,0.7165003797743056,0.030572737693804322,0.364716110029782,0.9938888888888889
phase2_cartpole_controlled_ablation__B0__seed123,B0,123,101,8,1800,time_limit,True,0.0,0.0,0.8432060480117798,0.9902330652111654,29.983333333333334,1.241204023361206,0.00046870819789426334,0.021018382178412544,0.0021745289696587454,0.2174525621202257,0.01850745720676855,0.08657117167469745,0.9994444444444445
phase2_cartpole_controlled_ablation__B0__seed123,B0,123,101,9,1800,time_limit,True,0.0,0.0,0.11289416253566742,0.09406816535186607,29.983333333333334,0.9952667951583862,6.275384243227761e-05,0.011977585686577691,0.001191184123357137,0.1191187286376953,0.01690956089100346,0.02840570780329079,0.9994444444444445
phase2_cartpole_controlled_ablation__B0__seed123,B0,123,101,10,1800,time_limit,True,0.0,0.03333333333333333,2.2854697704315186,0.09384124271717224,29.783333333333335,0.26934176683425903,0.0012704112120241905,0.015892232259114583,0.0029632774988810223,0.29632880316840277,0.01717311951116663,0.16017310077130104,0.9972222222222222
phase2_cartpole_controlled_ablation__B0__seed123,B0,123,101,11,1800,time_limit,True,0.0,0.16666666666666666,3.128006935119629,0.11396088275928594,29.983333333333334,0.7402114272117615,0.0017387476015117448,0.02477207819620768,0.0044537957509358725,0.4453809271918403,0.021884907643473343,0.14541107808243545,0.9994444444444445
phase2_cartpole_controlled_ablation__B0__seed123,B0,123,101,12,1800,time_limit,True,0.0011111111111111111,0.03333333333333333,2.3750224113464355,0.9629267111364007,29.316666666666666,1.1694707870483398,0.001320190334267057,0.06048678080240885,0.006575669712490506,0.6575670030381945,0.049634786457065115,0.28688264620990506,0.9827777777777778
phase2_cartpole_controlled_ablation__B0__seed123,B0,123,101,13,1800,time_limit,True,0.0011111111111111111,0.16666666666666666,5.22420597076416,0.15753686248145293,29.55,0.8971783518791199,0.00290394995595562,0.06207085927327474,0.009603773752848307,0.9603788248697916,0.044386305465817566,0.41087154476388116,0.9877777777777778
phase2_cartpole_controlled_ablation__B0__seed123,B0,123,101,14,1800,time_limit,True,0.0011111111111111111,0.03333333333333333,2.0981171131134033,0.6373214172355951,29.55,0.6551960706710815,0.0011662685453659829,0.03915204789903429,0.004557137489318848,0.4557146199544271,0.03859633786701081,0.2693432944693586,0.9916666666666667
phase2_cartpole_controlled_ablation__B0__seed123,B0,123,101,15,1800,time_limit,True,0.0,0.03333333333333333,1.4931493997573853,0.13305599854107308,30.0,0.8234710693359375,0.0008299885490591358,0.01841090308295356,0.002657208972507053,0.26572063869900175,0.020104560057591085,0.05372500950051049,1.0
phase2_cartpole_controlled_ablation__B0__seed123,B0,123,101,16,1800,time_limit,True,0.0016666666666666668,0.03333333333333333,4.116760730743408,0.21094108672683637,29.4,1.4567439556121826,0.0022883606063053966,0.08955748664008246,0.012027384440104167,1.202738037109375,0.06260481628317893,0.45929628881480616,0.9827777777777778
phase2_cartpole_controlled_ablation__B0__seed123,B0,123,101,17,1800,time_limit,True,0.0,0.1,2.5598971843719482,0.15177513491736036,29.75,0.8372796177864075,0.0014229556333362691,0.030563280317518447,0.004778809017605252,0.47788089328342015,0.025945982305686035,0.12827264399384103,0.9944444444444445
phase2_cartpole_controlled_ablation__B0__seed123,B0,123,101,18,1800,time_limit,True,0.0005555555555555556,0.03333333333333333,1.477087378501892,0.15696042784976144,29.9,0.7634605169296265,0.0008210602437475775,0.027992286682128907,0.0039051148626539443,0.3905123223198785,0.02412891887356849,0.22006870545578544,0.9966666666666667
phase2_cartpole_controlled_ablation__B0__seed123,B0,123,101,19,1800,time_limit,True,0.0,0.0,0.5813090801239014,0.31213908737725654,29.983333333333334,0.8479329347610474,0.00032312900507165167,0.027836318545871312,0.002460147539774577,0.24601447211371527,0.017104621432009047,0.03434431459678025,0.9994444444444445
phase2_cartpole_controlled_ablation__B0__seed123,B0,123,101,20,1800,time_limit,True,0.0005555555555555556,0.0,1.451624870300293,0.07250608104473522,29.916666666666668,0.2441626936197281,0.0008069065426905464,0.019517288208007813,0.0024529253111945258,0.24529349433051215,0.019861151206888247,0.17405577346220452,0.9972222222222222
phase2_cartpole_controlled_ablation__B0__seed123,B0,123,101,21,1800,time_limit,True,0.0,0.0,0.6388611793518066,0.7495614585207983,29.983333333333334,0.7604725360870361,0.00035512016639900314,0.007225962744818793,0.0008141579230626424,0.08141578674316406,0.01558603089659669,0.05591608235356628,0.9994444444444445
phase2_cartpole_controlled_ablation__B0__seed123,B0,123,101,22,1800,time_limit,True,0.0011111111111111111,0.03333333333333333,3.947355031967163,0.168841063492885,29.6,1.0457401275634766,0.0021941940144342208,0.05527532789442274,0.007861327595180935,0.7861296251085069,0.037490211198203456,0.34098732252970426,0.99
phase2_cartpole_controlled_ablation__B0__seed123,B0,123,101,23,1800,time_limit,True,0.0011111111111111111,0.03333333333333333,2.216191053390503,0.8834136734421079,29.85,0.9538279175758362,0.0012319016416845487,0.038976355658637156,0.004612912072075738,0.46129085964626737,0.037271854671659194,0.26765511425356586,0.995
phase2_cartpole_controlled_ablation__B0__seed123,B0,123,101,24,1800,time_limit,True,0.0,0.03333333333333333,1.5139060020446777,0.14723486136317976,29.983333333333334,1.0337259769439697,0.0008415264046940955,0.03318278418646919,0.00400907834370931,0.40090915256076387,0.01994504723690221,0.11459455492961997,0.9994444444444445
phase2_cartpole_controlled_ablation__O_POS__seed7,O_POS,7,101,0,66,out_of_bounds,False,0.4696969696969697,3.6363636363636362,9.408882141113281,1.5281768894031835,0.06666666666666667,2.939140558242798,0.14475203294020433,5.904869310783617,0.8559280742298473,85.5928252249053,0.6123950875479333,3.9222878627156663,0.10606060606060606
phase2_cartpole_controlled_ablation__O_POS__seed7,O_POS,7,101,1,436,out_of_bounds,False,0.05045871559633028,1.926605504587156,23.11436653137207,1.4105148241503145,0.25,2.949855089187622,0.05313647478476338,3.211653403185923,0.40886107278526373,40.88611399799312,0.5315523722990162,1.779070616439489,0.1651376146788991
phase2_cartpole_controlled_ablation__O_POS__seed7,O_POS,7,101,2,1800,time_limit,True,0.0,0.4666666666666667,4.536948204040527,0.3735184174376781,29.983333333333334,0.65696781873703,0.0025219278510508767,0.17685702853732638,0.02255009757147895,2.2550096299913194,0.04300274207615666,0.1332705588386384,0.9994444444444445
phase2_cartpole_controlled_ablation__O_POS__seed7,O_POS,7,101,3,499,out_of_bounds,False,0.056112224448897796,1.56312625250501,25.445022583007812,1.439979132511914,0.26666666666666666,2.9993293285369873,0.05109442285744541,3.1987757252786824,0.40640729701590683,40.64072676603207,0.5295012702923986,1.746143669106496,0.18236472945891782
phase2_cartpole_controlled_ablation__O_POS__seed7,O_POS,7,101,4,217,out_of_bounds,False,0.08755760368663594,2.7649769585253456,15.777569770812988,1.574464203150306,0.18333333333333332,2.9857215881347656,0.07304430449450458,3.7604986094110022,0.4904670891124532,49.04673549107143,0.5829641761648088,2.255942034620054,0.1382488479262673
phase2_cartpole_controlled_ablation__O_POS__seed7,O_POS,7,101,5,145,out_of_bounds,False,0.27586206896551724,0.8275862068965518,10.865716934204102,2.015745285103776,0.15,2.949808120727539,0.07545636759863959,5.513556118669181,0.7161004428205819,71.6100552262931,0.6969768694509909,2.9358811684829114,0.11724137931034483
phase2_cartpole_controlled_ablation__O_POS__seed7,O_POS,7,101,6,461,out_of_bounds,False,0.039045553145336226,1.3015184381778742,20.053213119506836,1.49132486869947,0.25,2.9969828128814697,0.0435939415641453,3.338592595495526,0.41193004285435875,41.19297807077007,0.5502188320748613,1.7216868458009624,0.14316702819956617
phase2_cartpole_controlled_ablation__O_POS__seed7,O_POS,7,101,7,466,out_of_bounds,False,0.05150214592274678,1.2875536480686696,22.638200759887695,1.5555717508478817,0.2833333333333333,2.9198923110961914,0.048684302709435905,3.4562267909234174,0.4301592454378185,43.01591419662017,0.5647251719825687,1.803682770546332,0.15021459227467812
phase2_cartpole_controlled_ablation__O_POS__seed7,O_POS,7,101,8,43,out_of_bounds,False,0.5813953488372093,1.3953488372093024,6.432337284088135,1.5333093266525128,0.1,2.9819412231445312,0.15315088771638416,7.481361566587936,1.1330179613690043,113.30180323401163,0.6165031747063703,4.503321168745745,0.23255813953488372
phase2_cartpole_controlled_ablation__O_POS__seed7,O_POS,7,101,9,349,out_of_bounds,False,0.06876790830945559,1.8911174785100286,20.176313400268555,1.5770685991753008,0.2,2.9639484882354736,0.05797791206973723,3.6903901633013967,0.4643835379264416,46.43835344287249,0.5780632289138663,1.9626797093566783,0.1489971346704871
phase2_cartpole_controlled_ablation__O_POS__seed7,O_POS,7,101,10,947,out_of_bounds,False,0.014783526927138331,1.33051742344245,22.477046966552734,1.2007798429280665,0.6833333333333333,2.919133186340332,0.023760091930816844,2.3644181667436643,0.28021498038625264,28.021515311510033,0.4406999126440478,1.2061466088514923,0.27983104540654696
phase2_cartpole_controlled_ablation__O_POS__seed7,O_POS,7,101,11,953,out_of_bounds,False,0.016789087093389297,1.3221406086044072,23.592674255371094,1.121039698939884,0.6833333333333333,2.969355344772339,0.02478222085648224,2.1816831510689925,0.262293988735203,26.22938049252361,0.4138755132186298,1.1352620950918781,0.304302203567681
phase2_cartpole_controlled_ablation__O_POS__seed7,O_POS,7,101,12,102,out_of_bounds,False,0.13725490196078433,2.3529411764705883,9.580824851989746,1.688369781689643,0.08333333333333333,2.953831911087036,0.09485965199989847,4.551791022805607,0.6313488530177697,63.13485657935049,0.635862022111283,2.7795239673346486,0.08823529411764706
phase2_cartpole_controlled_ablation__O_POS__seed7,O_POS,7,101,13,771,out_of_bounds,False,0.029831387808041506,1.4007782101167316,28.667556762695312,1.3077190375012853,0.4666666666666667,2.946563482284546,0.0372305931983056,2.713056235307231,0.33739399198737435,33.73941107328145,0.47976556105238893,1.4814660211842992,0.22178988326848248
phase2_cartpole_controlled_ablation__O_POS__seed7,O_POS,7,101,14,102,out_of_bounds,False,0.17647058823529413,1.7647058823529411,8.463554382324219,1.9120654253684015,0.08333333333333333,2.9892513751983643,0.08379756814182394,5.14498841528799,0.6848445219152114,68.4844420189951,0.6803924570677352,2.863208051939338,0.0784313725490196
phase2_cartpole_controlled_ablation__O_POS__seed7,O_POS,7,101,15,943,out_of_bounds,False,0.021208907741251327,1.4634146341463414,29.479097366333008,1.2057809823915027,0.65,2.950474739074707,0.03129415856298621,2.4050246367146078,0.29789554276370295,29.789574082051963,0.44295114131205154,1.3512891002157201,0.27783669141039236
phase2_cartpole_controlled_ablation__O_POS__seed7,O_POS,7,101,16,175,out_of_bounds,False,0.05714285714285714,1.7142857142857144,10.866902351379395,1.7074902077932457,0.16666666666666666,2.987178325653076,0.06245346178953675,4.07019775390625,0.5212083653041295,52.12083705357143,0.6161186778270975,2.285624551374033,0.10857142857142857
phase2_cartpole_controlled_ablation__O_POS__seed7,O_POS,7,101,17,1186,out_of_bounds,False,0.003372681281618887,0.9612141652613828,14.053192138671875,0.9843756273586695,3.6166666666666667,2.9734132289886475,0.011859233872296942,1.800211451306914,0.20378938774636382,20.37893753952361,0.36633150637845824,0.9124528039360189,0.43676222596964587
phase2_cartpole_controlled_ablation__O_POS__seed7,O_POS,7,101,18,506,out_of_bounds,False,0.025691699604743084,0.7114624505928854,10.497448921203613,1.498309282021497,0.2833333333333333,2.925084352493286,0.02078702756673983,3.245718371726779,0.36955246152613946,36.95526726161067,0.5498411156759063,1.4416808542597614,0.15612648221343872
phase2_cartpole_controlled_ablation__O_POS__seed7,O_POS,7,101,19,52,out_of_bounds,False,0.4230769230769231,3.4615384615384612,8.195361137390137,1.631203002432555,0.15,2.974958896636963,0.16069335563510073,5.781771733210637,0.8107509613037109,81.07510141225961,0.5998979188205134,3.8787425405068925,0.23076923076923078
phase2_cartpole_controlled_ablation__O_POS__seed7,O_POS,7,101,20,389,out_of_bounds,False,0.030848329048843187,1.3881748071979434,17.956005096435547,1.431149230102965,0.23333333333333334,2.9729416370391846,0.04627836365060708,3.2598004574027954,0.40779533484294667,40.77954791934447,0.5433077346555283,1.7607961236139649,0.14395886889460155
phase2_cartpole_controlled_ablation__O_POS__seed7,O_POS,7,101,21,196,out_of_bounds,False,0.14285714285714285,2.142857142857143,14.67698860168457,1.8135520249680253,0.2,2.9781343936920166,0.07526660821376703,4.553002493722098,0.5791974359629105,57.91973752391581,0.6448605518928228,2.4268934078615425,0.14795918367346939
phase2_cartpole_controlled_ablation__O_POS__seed7,O_POS,7,101,22,902,out_of_bounds,False,0.018847006651884702,1.5964523281596452,28.660436630249023,1.1059673972864292,0.65,2.9921042919158936,0.03180958560515985,2.2270693218628743,0.27924236965813815,27.92423953713969,0.4159301315431483,1.2887819480700438,0.29046563192904656
phase2_cartpole_controlled_ablation__O_POS__seed7,O_POS,7,101,23,162,out_of_bounds,False,0.16049382716049382,1.4814814814814814,12.912081718444824,1.8586186409037264,0.13333333333333333,2.992738723754883,0.08019926533195543,4.724751790364583,0.6366975572374132,63.66974705825617,0.6564586919812285,2.625177250730453,0.11728395061728394
phase2_cartpole_controlled_ablation__O_POS__seed7,O_POS,7,101,24,424,out_of_bounds,False,0.04245283018867924,1.6981132075471699,22.62178611755371,1.4262929889824443,0.25,2.9882314205169678,0.05347939980509152,3.2467164813347584,0.40925018742399394,40.925039615271224,0.5370058125394143,1.7266472895224554,0.17452830188679244
phase2_cartpole_controlled_ablation__O_POS__seed42,O_POS,42,101,0,147,out_of_bounds,False,0.3469387755102041,2.4489795918367343,14.658203125,1.8046651830348492,0.08333333333333333,2.953181266784668,0.1003986515410959,4.88296737151892,0.687611690183886,68.76116735756803,0.6931301157877287,3.129130985579697,0.08163265306122448
phase2_cartpole_controlled_ablation__O_POS__seed42,O_POS,42,101,1,38,out_of_bounds,False,0.8157894736842105,1.5789473684210527,6.66085958480835,1.5641134504803285,0.06666666666666667,2.8559114933013916,0.18002323202184728,9.491226999383224,1.6682511379844265,166.82509251644737,0.7568080494119078,5.028325208736091,0.23684210526315788
phase2_cartpole_controlled_ablation__O_POS__seed42,O_POS,42,101,2,450,out_of_bounds,False,0.05555555555555555,2.0,22.50014877319336,1.4082608597445794,0.21666666666666667,2.980701446533203,0.0501116899180253,3.3434209526909724,0.4148458523220486,41.48459635416667,0.5799113437521405,1.966247927812887,0.13111111111111112
phase2_cartpole_controlled_ablation__O_POS__seed42,O_POS,42,101,3,38,out_of_bounds,False,0.7894736842105263,1.5789473684210527,6.716554164886475,1.5972524919898108,0.08333333333333333,2.8966612815856934,0.18152849094287768,9.69096535130551,1.6725835298237048,167.25835217927633,0.7771051903926107,4.876712966594674,0.21052631578947367
phase2_cartpole_controlled_ablation__O_POS__seed42,O_POS,42,101,4,538,out_of_bounds,False,0.07434944237918216,2.007434944237918,25.434953689575195,1.39767025262679,0.26666666666666666,2.9964420795440674,0.0473649044498607,3.2609985805355484,0.4075782236999739,40.75783791240706,0.5714096733732368,1.9827704825442234,0.13568773234200743
phase2_cartpole_controlled_ablation__O_POS__seed42,O_POS,42,101,5,1800,time_limit,False,0.017222222222222222,1.7,22.11823844909668,1.5565169303374389,0.06666666666666667,2.620140314102173,0.012294740660976475,0.6363652208116319,0.11241375393337674,11.241385633680556,2.3417845925970644,3.1574169322450554,0.0022222222222222222
phase2_cartpole_controlled_ablation__O_POS__seed42,O_POS,42,101,6,849,out_of_bounds,False,0.016489988221436984,1.342756183745583,20.810680389404297,1.044045164837055,0.55,2.9902541637420654,0.024540896685618274,2.2509131549525176,0.2692877024728081,26.92878340326855,0.4481948605969897,1.3521381408514825,0.26030624263839813
phase2_cartpole_controlled_ablation__O_POS__seed42,O_POS,42,101,7,219,out_of_bounds,False,0.2602739726027397,2.4657534246575343,17.73028564453125,1.9784348253015303,0.1,2.9591469764709473,0.0813315855253727,4.856680534746005,0.6524640087667666,65.24643710759132,0.7247308206445257,2.959353087263914,0.0867579908675799
phase2_cartpole_controlled_ablation__O_POS__seed42,O_POS,42,101,8,131,out_of_bounds,False,0.26717557251908397,3.206106870229008,13.83475399017334,1.7492243421630538,0.08333333333333333,2.9913759231567383,0.10642118453979492,4.492321218243082,0.6242469612878697,62.42470404937977,0.6595159401333579,3.022741264861069,0.09923664122137404
phase2_cartpole_controlled_ablation__O_POS__seed42,O_POS,42,101,9,645,out_of_bounds,False,0.04496124031007752,1.6744186046511629,25.441490173339844,1.256568859221458,0.31666666666666665,2.984046459197998,0.03950541952381963,2.8820503648861435,0.35580839408460513,35.5808472625969,0.5259824429758649,1.7516466743167312,0.16744186046511628
phase2_cartpole_controlled_ablation__O_POS__seed42,O_POS,42,101,10,1008,out_of_bounds,False,0.015873015873015872,1.25,20.125272750854492,0.9989993523349036,0.9833333333333333,2.9590108394622803,0.019985375124979634,2.0935882083953374,0.24601137070428758,24.601132347470237,0.42852633355064157,1.2736096159491124,0.32837301587301587
phase2_cartpole_controlled_ablation__O_POS__seed42,O_POS,42,101,11,192,out_of_bounds,False,0.24479166666666666,2.8125,16.250682830810547,1.985271341529795,0.08333333333333333,2.9716522693634033,0.08508210906183532,4.846940040588379,0.624635378519694,62.46356201171875,0.715787310010806,2.9752927192698486,0.078125
phase2_cartpole_controlled_ablation__O_POS__seed42,O_POS,42,101,12,442,out_of_bounds,False,0.10407239819004525,1.900452488687783,25.75685691833496,1.7121761816804866,0.15,2.9841787815093994,0.05840557124338994,3.8836186611814196,0.4908144161172582,49.08143470729638,0.6490173326175791,2.284237113683686,0.08597285067873303
phase2_cartpole_controlled_ablation__O_POS__seed42,O_POS,42,101,13,225,out_of_bounds,False,0.25333333333333335,2.4,18.094676971435547,1.9803038125762842,0.06666666666666667,2.9611568450927734,0.0807798079081944,4.776484375,0.6365485297309028,63.65487847222222,0.7275582148159558,2.8872166467512925,0.07111111111111111
phase2_cartpole_controlled_ablation__O_POS__seed42,O_POS,42,101,14,571,out_of_bounds,False,0.03852889667250438,1.4711033274956216,22.977800369262695,1.2544708094054398,0.26666666666666666,2.993887424468994,0.04031193047239069,2.911073380719133,0.36079756808573227,36.07974633318739,0.5289305175520342,1.7625443159803553,0.159369527145359
phase2_cartpole_controlled_ablation__O_POS__seed42,O_POS,42,101,15,753,out_of_bounds,False,0.014608233731739707,1.195219123505976,16.183490753173828,1.0973601578411627,0.45,2.9936022758483887,0.02152059940581626,2.3599670329100264,0.27472470956019673,27.472479872177956,0.46798321005595606,1.3469957990679382,0.20849933598937584
phase2_cartpole_controlled_ablation__O_POS__seed42,O_POS,42,101,16,49,out_of_bounds,False,0.8163265306122449,1.2244897959183674,6.467510223388672,1.8371052720658403,0.06666666666666667,2.8827221393585205,0.13473979632059732,9.943031778140943,1.6226485894650828,162.26485770089286,0.8202914784873302,4.825266897671996,0.14285714285714285
phase2_cartpole_controlled_ablation__O_POS__seed42,O_POS,42,101,17,191,out_of_bounds,False,0.2513089005235602,2.8272251308900525,15.979379653930664,2.0345457713015715,0.06666666666666667,2.970604419708252,0.08410199817858244,4.882115229262108,0.6238869871768652,62.38870255235602,0.7196756988674204,2.9522533531066264,0.06806282722513089
phase2_cartpole_controlled_ablation__O_POS__seed42,O_POS,42,101,18,666,out_of_bounds,False,0.018018018018018018,1.4414414414414416,19.24134635925293,1.152630912169898,0.45,2.9846231937408447,0.028934355427448013,2.5604755756733297,0.30382338515273083,30.38231981981982,0.49020592425414183,1.4703270901022696,0.1966966966966967
phase2_cartpole_controlled_ablation__O_POS__seed42,O_POS,42,101,19,253,out_of_bounds,False,0.13438735177865613,1.8972332015810276,19.44269561767578,1.5944034053274714,0.2,2.9863128662109375,0.07715355403839595,4.080984726253705,0.5237505765771677,52.37504631916996,0.6412843793243053,2.494618095360411,0.12648221343873517
phase2_cartpole_controlled_ablation__O_POS__seed42,O_POS,42,101,20,1378,out_of_bounds,False,0.01088534107402032,1.2626995645863572,25.294837951660156,0.8328500823833416,8.35,2.998018741607666,0.01836952647179387,1.5488986387654209,0.1903212592978955,19.03212734715167,0.35335481570867255,1.115416832415603,0.5319303338171263
phase2_cartpole_controlled_ablation__O_POS__seed42,O_POS,42,101,21,393,out_of_bounds,False,0.061068702290076333,1.6793893129770994,20.959911346435547,1.3968072936725404,0.23333333333333334,2.9976441860198975,0.05346916159804987,3.2800417213342876,0.4140969778745229,41.40971642414122,0.5733138067531048,2.008240783929773,0.13740458015267176
phase2_cartpole_controlled_ablation__O_POS__seed42,O_POS,42,101,22,209,out_of_bounds,False,0.27751196172248804,2.0095693779904304,17.213191986083984,1.9396313182837672,0.08333333333333333,2.9825901985168457,0.08275573070232685,4.90119079881878,0.6300014514101749,63.000116813696174,0.7126991272300732,2.9487913325258543,0.07655502392344497
phase2_cartpole_controlled_ablation__O_POS__seed42,O_POS,42,101,23,302,out_of_bounds,False,0.13245033112582782,2.384105960264901,19.482236862182617,1.7752155438878312,0.11666666666666667,2.980343818664551,0.06472503940924458,4.167625578823468,0.5353864960323106,53.53864212541391,0.6744689454231616,2.4940639733871053,0.076158940397351
phase2_cartpole_controlled_ablation__O_POS__seed42,O_POS,42,101,24,34,out_of_bounds,False,0.7647058823529411,1.7647058823529411,6.475491523742676,1.4776361612337587,0.06666666666666667,2.881760597229004,0.19622701587099017,9.234921623678769,1.6080536561853744,160.80539119944854,0.719198257882284,5.138886519072525,0.17647058823529413
phase2_cartpole_controlled_ablation__O_POS__seed123,O_POS,123,101,0,153,out_of_bounds,False,0.0457516339869281,1.9607843137254903,6.64702033996582,1.7179602709782973,0.36666666666666664,2.9971485137939453,0.043730396973459346,2.2553694980596406,0.3096112768634472,30.961141748366014,0.3235652425488955,2.123232929921689,0.27450980392156865
phase2_cartpole_controlled_ablation__O_POS__seed123,O_POS,123,101,1,92,out_of_bounds,False,0.07608695652173914,1.9565217391304346,6.607717514038086,1.5122602551700328,0.45,2.9911561012268066,0.0726122803740449,3.1670817499575405,0.5044478126194166,50.44478706691576,0.33024980159701206,2.6146394657620613,0.4673913043478261
phase2_cartpole_controlled_ablation__O_POS__seed123,O_POS,123,101,2,577,out_of_bounds,False,0.008665511265164644,1.3518197573656845,12.145567893981934,1.2129651219291622,0.65,2.901419162750244,0.021086055371496413,1.6557614014094995,0.20388602218760155,20.388604175693242,0.29575568432438976,1.0787610877244969,0.24436741767764297
phase2_cartpole_controlled_ablation__O_POS__seed123,O_POS,123,101,3,237,out_of_bounds,False,0.012658227848101266,2.0253164556962022,8.310869216918945,1.4919052934148946,0.38333333333333336,2.995823860168457,0.03521554752931756,1.9251034249736287,0.23828873453260976,23.82887493407173,0.3009375615938052,1.523991957281398,0.26582278481012656
phase2_cartpole_controlled_ablation__O_POS__seed123,O_POS,123,101,4,228,out_of_bounds,False,0.08333333333333333,1.5789473684210527,11.349119186401367,1.9980865158997894,0.21666666666666667,2.955817222595215,0.04999611976388268,2.646012958727385,0.3587907824599952,35.87907757675438,0.3525686400403149,2.003707661430511,0.12280701754385964
phase2_cartpole_controlled_ablation__O_POS__seed123,O_POS,123,101,5,50,out_of_bounds,False,0.14,2.4,5.065327167510986,2.368416811576749,0.18333333333333332,2.988727569580078,0.10337402382675483,2.6424356079101563,0.48387386322021486,48.3873876953125,0.310632465971291,3.282483585081291,0.5
phase2_cartpole_controlled_ablation__O_POS__seed123,O_POS,123,101,6,506,out_of_bounds,False,0.01383399209486166,1.4229249011857708,11.895535469055176,0.9569972504951229,1.15,2.8642497062683105,0.02355551578030728,1.438116985818614,0.1936162262566005,19.361625339673914,0.25929472194281034,1.2175815633923035,0.44664031620553357
phase2_cartpole_controlled_ablation__O_POS__seed123,O_POS,123,101,7,472,out_of_bounds,False,0.019067796610169493,1.652542372881356,15.869099617004395,1.2724554815834976,0.4,2.924367904663086,0.03369235587474394,1.9231676004700742,0.25822022001622086,25.822033898305083,0.3187975213227892,1.5145653928877714,0.18220338983050846
phase2_cartpole_controlled_ablation__O_POS__seed123,O_POS,123,101,8,133,out_of_bounds,False,0.0,2.255639097744361,5.4583353996276855,1.8447769278357462,0.4,2.9955902099609375,0.041351025754755195,2.132702590827655,0.2644471190029517,26.444699394971803,0.3104552640164538,1.574959064611357,0.2781954887218045
phase2_cartpole_controlled_ablation__O_POS__seed123,O_POS,123,101,9,207,out_of_bounds,False,0.07729468599033816,1.1594202898550725,8.964363098144531,1.8665001299318136,0.16666666666666666,2.957174301147461,0.04351632571914821,2.651082061915006,0.35933541560518567,35.93354185537439,0.3490865060667234,1.906172427170539,0.12077294685990338
phase2_cartpole_controlled_ablation__O_POS__seed123,O_POS,123,101,10,558,out_of_bounds,False,0.014336917562724014,1.2903225806451613,12.727371215820312,1.4737594379274985,0.43333333333333335,2.957547426223755,0.022849858556230365,1.7689423373095878,0.2162471894294985,21.62471648185484,0.3077287910656947,1.1771841075932359,0.2132616487455197
phase2_cartpole_controlled_ablation__O_POS__seed123,O_POS,123,101,11,276,out_of_bounds,False,0.018115942028985508,1.956521739130435,10.50868034362793,1.2776390261553434,0.5833333333333334,2.9835751056671143,0.03821338306773792,2.039272805918818,0.28005373305168707,28.00537993942482,0.3141203955464651,1.4718675207845222,0.286231884057971
phase2_cartpole_controlled_ablation__O_POS__seed123,O_POS,123,101,12,236,out_of_bounds,False,0.05508474576271186,2.0338983050847457,12.106826782226562,1.3417027402572144,0.6166666666666667,2.938819646835327,0.051518411839261966,2.271482564635196,0.34265941684528933,34.265929141287074,0.3323815639948548,1.972508621133062,0.2627118644067797
phase2_cartpole_controlled_ablation__O_POS__seed123,O_POS,123,101,13,421,out_of_bounds,False,0.011876484560570071,1.4251781472684086,11.610170364379883,1.2625237265642548,0.4,2.996361255645752,0.027643262772333053,1.6396754031509797,0.20459379436284517,20.45936711327197,0.2941632572705222,1.3300962016093254,0.20190023752969122
phase2_cartpole_controlled_ablation__O_POS__seed123,O_POS,123,101,14,377,out_of_bounds,False,0.029177718832891247,1.5915119363395225,12.385581970214844,1.1256711685225602,0.65,2.8799595832824707,0.03294037758035863,1.847091715278929,0.2568555472700286,25.68554428464854,0.304973168192906,1.577514123058393,0.2891246684350133
phase2_cartpole_controlled_ablation__O_POS__seed123,O_POS,123,101,15,434,out_of_bounds,False,0.0,1.5207373271889402,10.558089256286621,1.2305271809237501,0.4,2.997614860534668,0.024383577959091504,1.5542311426681308,0.18791624148320493,18.791617538522466,0.2854935412983994,1.1106922952226592,0.22119815668202766
phase2_cartpole_controlled_ablation__O_POS__seed123,O_POS,123,101,16,196,out_of_bounds,False,0.07142857142857142,2.142857142857143,10.710555076599121,2.1642909976619564,0.21666666666666667,2.911093235015869,0.05492592346973908,2.533323793995137,0.3797911819146604,37.979118502869895,0.3450065675802553,2.1579413517773043,0.20408163265306123
phase2_cartpole_controlled_ablation__O_POS__seed123,O_POS,123,101,17,399,out_of_bounds,False,0.0,1.2030075187969924,8.156407356262207,1.2683358883410887,0.36666666666666664,2.9986557960510254,0.020493485819754288,1.5915863878446115,0.18152507504723722,18.15249794407895,0.29328934721911387,0.9810249312737483,0.20300751879699247
phase2_cartpole_controlled_ablation__O_POS__seed123,O_POS,123,101,18,224,out_of_bounds,False,0.022321428571428572,1.875,7.7486772537231445,1.326929968451356,0.95,2.8726868629455566,0.03474743163104549,1.85734680720738,0.2588016986846924,25.880174909319198,0.30105626373678807,1.3939042469718692,0.3392857142857143
phase2_cartpole_controlled_ablation__O_POS__seed123,O_POS,123,101,19,80,out_of_bounds,False,0.0625,2.25,5.797590255737305,1.759467591039533,0.25,2.9907479286193848,0.07338721842705449,3.2620277404785156,0.415573787689209,41.557376098632815,0.335834167911701,2.3087303986101966,0.3375
phase2_cartpole_controlled_ablation__O_POS__seed123,O_POS,123,101,20,356,out_of_bounds,False,0.03089887640449438,2.0224719101123596,12.458876609802246,1.1326445687470084,0.9,2.9890289306640625,0.03509542706986548,1.8020996779538272,0.2520039804865805,25.20040653528792,0.2941196560712276,1.592298856814908,0.31741573033707865
phase2_cartpole_controlled_ablation__O_POS__seed123,O_POS,123,101,21,206,out_of_bounds,False,0.02912621359223301,1.7475728155339807,11.349451065063477,1.6055934539389993,0.36666666666666664,2.923851728439331,0.05536317592713891,2.55661129257054,0.359307483561988,35.93076124469054,0.34665412740794765,1.8071325651246117,0.1941747572815534
phase2_cartpole_controlled_ablation__O_POS__seed123,O_POS,123,101,22,293,out_of_bounds,False,0.027303754266211604,1.8430034129692832,11.811169624328613,1.2223170484958128,0.85,2.8634610176086426,0.04044921104222128,2.0057341800207977,0.2854993644427928,28.54992800767918,0.3118261891118944,1.706758290089192,0.3037542662116041
phase2_cartpole_controlled_ablation__O_POS__seed123,O_POS,123,101,23,229,out_of_bounds,False,0.05240174672489083,2.096069868995633,12.312777519226074,1.4739385378449008,0.4166666666666667,2.9444100856781006,0.054003410172044186,2.4875109809975435,0.3734371735018934,37.343707355349345,0.3523281919234813,2.049864193091514,0.19213973799126638
phase2_cartpole_controlled_ablation__O_POS__seed123,O_POS,123,101,24,223,out_of_bounds,False,0.0,2.1524663677130045,7.865049362182617,1.5025140651943036,0.43333333333333335,2.995227336883545,0.03542815028010188,1.9051454826320768,0.23353220849828335,23.35321783912556,0.29509897657894707,1.4006465926510172,0.34080717488789236
phase2_cartpole_controlled_ablation__O_H4__seed7,O_H4,7,101,0,1800,time_limit,False,0.0022222222222222222,0.4666666666666667,11.676069259643555,1.368223169238854,2.533333333333333,2.2479214668273926,0.0064903108725089245,1.6631085883246528,0.1805830552842882,18.05830295138889,0.26002762280962277,0.6329626772247702,0.5316666666666666
phase2_cartpole_controlled_ablation__O_H4__seed7,O_H4,7,101,1,1800,time_limit,False,0.0,0.4666666666666667,10.617518424987793,1.363135612843321,2.55,2.236131191253662,0.005901900180649134,1.6990498860677083,0.1850364515516493,18.50364800347222,0.26250394787922904,0.5215629817472061,0.5538888888888889
phase2_cartpole_controlled_ablation__O_H4__seed7,O_H4,7,101,2,1800,time_limit,False,0.0,0.5,10.083867073059082,1.2996697422045662,2.55,2.2167155742645264,0.005605262408593153,1.5876112196180556,0.1720971001519097,17.20970160590278,0.2536202231761012,0.48108789925870205,0.5283333333333333
phase2_cartpole_controlled_ablation__O_H4__seed7,O_H4,7,101,3,1800,time_limit,False,0.0,0.4666666666666667,10.483224868774414,1.3533938600131081,2.55,2.229992151260376,0.005827251177751203,1.701285671657986,0.18479219224717883,18.47923394097222,0.2613949236531835,0.5146633729450464,0.5561111111111111
phase2_cartpole_controlled_ablation__O_H4__seed7,O_H4,7,101,4,1800,time_limit,False,0.0011111111111111111,0.5333333333333333,9.864936828613281,1.1167037122664112,6.233333333333333,2.1088368892669678,0.005483566886388705,1.3253933376736111,0.1450563727484809,14.505645616319445,0.22532278384582058,0.4595318469538323,0.6494444444444445
phase2_cartpole_controlled_ablation__O_H4__seed7,O_H4,7,101,5,1800,time_limit,False,0.0016666666666666668,0.5333333333333333,11.755765914916992,1.4689603037233274,2.566666666666667,2.3167409896850586,0.006534611403511391,1.7910978190104168,0.1941644287109375,19.416458333333335,0.27503401420699153,0.5868009552283104,0.49277777777777776
phase2_cartpole_controlled_ablation__O_H4__seed7,O_H4,7,101,6,1800,time_limit,False,0.0,0.5333333333333333,10.237860679626465,1.236756887923568,2.55,2.1757872104644775,0.005690861967552232,1.5374271647135416,0.16734592013888888,16.73459743923611,0.2434544959261233,0.4690887086467347,0.5716666666666667
phase2_cartpole_controlled_ablation__O_H4__seed7,O_H4,7,101,7,1800,time_limit,False,0.0016666666666666668,0.5333333333333333,11.765026092529297,1.3521421164032237,2.55,2.227855920791626,0.006539758806297553,1.678162841796875,0.18295545789930556,18.295538194444443,0.26321496226494145,0.5806336921704656,0.5455555555555556
phase2_cartpole_controlled_ablation__O_H4__seed7,O_H4,7,101,8,1800,time_limit,False,0.0011111111111111111,0.4666666666666667,11.556005477905273,1.319135426167247,2.55,2.2193572521209717,0.0064235716942219415,1.6644422743055556,0.18026830037434896,18.02682183159722,0.25521257669463343,0.5527369975644497,0.5344444444444445
phase2_cartpole_controlled_ablation__O_H4__seed7,O_H4,7,101,9,1800,time_limit,False,0.0,0.43333333333333335,6.766971588134766,0.8286188255079118,14.283333333333333,1.858390212059021,0.003761518392515156,0.9296380615234375,0.10120732625325521,10.120725911458333,0.18051239997724752,0.3463829116557104,0.7788888888888889
phase2_cartpole_controlled_ablation__O_H4__seed7,O_H4,7,101,10,1800,time_limit,False,0.0,0.5333333333333333,9.835822105407715,1.1555811104842386,4.433333333333334,2.111699342727661,0.005467383049142699,1.4189948187934027,0.15429114447699652,15.429104817708334,0.23509287664944875,0.4550568701819877,0.6277777777777778
phase2_cartpole_controlled_ablation__O_H4__seed7,O_H4,7,101,11,1800,time_limit,False,0.0,0.4666666666666667,10.142516136169434,1.3194746889808502,2.55,2.2014236450195312,0.00563786333305694,1.672073974609375,0.1804711405436198,18.04714518229167,0.25883856968803715,0.5007847540341528,0.5461111111111111
phase2_cartpole_controlled_ablation__O_H4__seed7,O_H4,7,101,12,1800,time_limit,False,0.0011111111111111111,0.5333333333333333,11.441879272460938,1.2562974506482167,2.5166666666666666,2.185516119003296,0.00636013300303554,1.5688092719184028,0.1708776346842448,17.087764756944445,0.2469926384821124,0.5096617470789296,0.5577777777777778
phase2_cartpole_controlled_ablation__O_H4__seed7,O_H4,7,101,13,1800,time_limit,False,0.0016666666666666668,0.5333333333333333,11.796675682067871,1.300803329183654,2.533333333333333,2.194199800491333,0.006557351685418494,1.6667848036024306,0.18085881551106772,18.08588324652778,0.2586622379880809,0.5761301626850209,0.5361111111111111
phase2_cartpole_controlled_ablation__O_H4__seed7,O_H4,7,101,14,1800,time_limit,False,0.0011111111111111111,0.5333333333333333,11.449517250061035,1.3086571553876218,2.55,2.2160093784332275,0.006364378682635372,1.6151021321614583,0.174940677218967,17.494080946180556,0.2536679737994769,0.5182881332920214,0.5316666666666666
phase2_cartpole_controlled_ablation__O_H4__seed7,O_H4,7,101,15,1800,time_limit,False,0.0,0.4666666666666667,8.996983528137207,1.202406497667773,2.55,2.1559054851531982,0.005001102572616569,1.5091558159722223,0.16336941189236112,16.336927083333332,0.23795047446318482,0.46344469520572024,0.5811111111111111
phase2_cartpole_controlled_ablation__O_H4__seed7,O_H4,7,101,16,1800,time_limit,False,0.0016666666666666668,0.5333333333333333,11.739102363586426,1.4002572443938401,2.8,2.2693400382995605,0.006525348729064161,1.7198961046006944,0.18494576348198785,18.494585503472223,0.26171304927456385,0.5903904578674061,0.5477777777777778
phase2_cartpole_controlled_ablation__O_H4__seed7,O_H4,7,101,17,1800,time_limit,False,0.0,0.4666666666666667,9.811423301696777,1.3149141776955868,2.533333333333333,2.1925606727600098,0.005453820623511271,1.66139404296875,0.1787541707356771,17.875402560763888,0.2577972921387905,0.4939128537413547,0.5433333333333333
phase2_cartpole_controlled_ablation__O_H4__seed7,O_H4,7,101,18,1800,time_limit,False,0.0016666666666666668,0.5666666666666667,11.751002311706543,1.1952517913051022,2.566666666666667,2.1580824851989746,0.0065319634862182,1.4526402452256943,0.15922429402669272,15.922442491319444,0.23785964772484583,0.5003514389906358,0.5811111111111111
phase2_cartpole_controlled_ablation__O_H4__seed7,O_H4,7,101,19,1800,time_limit,False,0.0005555555555555556,0.5,10.89566707611084,1.2534122804708232,2.55,2.1668624877929688,0.006056513105119977,1.5941805013020833,0.17487774319118923,17.48776584201389,0.2526573937827345,0.5166095332889074,0.5544444444444444
phase2_cartpole_controlled_ablation__O_H4__seed7,O_H4,7,101,20,1800,time_limit,False,0.0005555555555555556,0.5666666666666667,10.67135238647461,1.1894213600141819,2.7333333333333334,2.1319477558135986,0.005931824561686831,1.4702997504340278,0.15960478040907117,15.960478515625,0.24104500098135437,0.47422402337242786,0.5977777777777777
phase2_cartpole_controlled_ablation__O_H4__seed7,O_H4,7,101,21,1800,time_limit,False,0.0,0.5333333333333333,9.177959442138672,1.137267461350158,4.783333333333333,2.1206629276275635,0.005101700634874192,1.3530684407552083,0.1474318101671007,14.7431640625,0.2280906430737368,0.4364818339064011,0.6344444444444445
phase2_cartpole_controlled_ablation__O_H4__seed7,O_H4,7,101,22,1800,time_limit,False,0.0011111111111111111,0.4666666666666667,11.157890319824219,1.3181091905102698,2.55,2.2048747539520264,0.006202273663048482,1.67647705078125,0.18172227647569444,18.172233072916665,0.25902074600325026,0.5395953674152738,0.5411111111111111
phase2_cartpole_controlled_ablation__O_H4__seed7,O_H4,7,101,23,1800,time_limit,False,0.0016666666666666668,0.5333333333333333,11.511106491088867,1.261688354252035,2.533333333333333,2.1878368854522705,0.006398613947242283,1.5907080078125,0.17308029174804687,17.308019748263888,0.24689056304507465,0.5497020492377648,0.5588888888888889
phase2_cartpole_controlled_ablation__O_H4__seed7,O_H4,7,101,24,1800,time_limit,False,0.0,0.4666666666666667,10.065680503845215,1.3562805016091395,2.55,2.2321605682373047,0.005595153142771103,1.7104820421006945,0.18511055840386284,18.51104817708333,0.26208266734739594,0.5056072408970486,0.5522222222222222
phase2_cartpole_controlled_ablation__O_H4__seed42,O_H4,42,101,0,1800,time_limit,True,0.0022222222222222222,0.1,4.587551116943359,0.26876085047540665,29.283333333333335,1.2996201515197754,0.0025500562073059252,0.14333892822265626,0.01972818374633789,1.97281494140625,0.056552481047910615,0.4706628361330861,0.9777777777777777
phase2_cartpole_controlled_ablation__O_H4__seed42,O_H4,42,101,1,1800,time_limit,True,0.0,0.03333333333333333,0.7820224761962891,0.20911108689415567,29.983333333333334,0.9849727153778076,0.00043469843034813177,0.06267649756537544,0.007122937838236491,0.7122937689887153,0.019881152417008965,0.10330074247553157,0.9994444444444445
phase2_cartpole_controlled_ablation__O_H4__seed42,O_H4,42,101,2,1800,time_limit,True,0.0,0.0,0.477181613445282,0.06505882006362514,29.983333333333334,0.3686259388923645,0.0002652482565009905,0.03637402852376302,0.003742011917961968,0.3742010498046875,0.020602471413346878,0.02743876585168057,0.9994444444444445
phase2_cartpole_controlled_ablation__O_H4__seed42,O_H4,42,101,3,1800,time_limit,True,0.0,0.03333333333333333,0.860299825668335,0.38731017573470433,30.0,1.4579216241836548,0.0004782100198267565,0.09371630350748698,0.009709966447618273,0.9709979248046875,0.02661018205793782,0.11812879247929628,1.0
phase2_cartpole_controlled_ablation__O_H4__seed42,O_H4,42,101,4,1800,time_limit,True,0.0011111111111111111,0.1,3.077218770980835,0.1247611412793188,29.816666666666666,0.6853446960449219,0.0017105162706952946,0.07158513387044271,0.010154410468207465,1.0154426405164931,0.02950653109120421,0.2645960046332148,0.9972222222222222
phase2_cartpole_controlled_ablation__O_H4__seed42,O_H4,42,101,5,1800,time_limit,True,0.0016666666666666668,0.03333333333333333,2.159722089767456,0.3467447672189878,29.7,1.4173026084899902,0.0012005125568468349,0.09428031921386719,0.01221570544772678,1.2215696885850695,0.036492814606559634,0.35276929256083434,0.9938888888888889
phase2_cartpole_controlled_ablation__O_H4__seed42,O_H4,42,101,6,1800,time_limit,True,0.0011111111111111111,0.06666666666666667,2.2452657222747803,0.07954587297756129,29.95,0.9946373701095581,0.0012480632141605226,0.05150485992431641,0.007114226553175185,0.7114221869574653,0.021200869586542177,0.2430213405202148,0.9983333333333333
phase2_cartpole_controlled_ablation__O_H4__seed42,O_H4,42,101,7,1800,time_limit,True,0.0016666666666666668,0.03333333333333333,2.318704843521118,0.11026173884686662,29.916666666666668,0.8367069959640503,0.0012888854049589317,0.05501607259114583,0.007783365779452853,0.7783358425564236,0.02701869734392936,0.31287298704448013,0.9972222222222222
phase2_cartpole_controlled_ablation__O_H4__seed42,O_H4,42,101,8,1800,time_limit,True,0.0011111111111111111,0.1,3.9774723052978516,0.2251895435833545,29.75,1.3257235288619995,0.0022109351335730136,0.12153540717230903,0.015723757214016386,1.5723787434895833,0.04366213437211939,0.2965860595920814,0.9938888888888889
phase2_cartpole_controlled_ablation__O_H4__seed42,O_H4,42,101,9,1800,time_limit,True,0.0,0.03333333333333333,1.7734748125076294,0.08374751161639495,29.983333333333334,0.9952667951583862,0.0009858114577585488,0.04700850168863932,0.005877579053243001,0.587759535047743,0.0204617826398837,0.13000717290016411,0.9994444444444445
phase2_cartpole_controlled_ablation__O_H4__seed42,O_H4,42,101,10,1800,time_limit,True,0.0,0.0,0.6706609725952148,0.08827487618722067,29.983333333333334,0.3835284411907196,0.000372796538407568,0.04091038174099392,0.004144458505842421,0.4144455295138889,0.016778557422276137,0.0570621006406059,0.9994444444444445
phase2_cartpole_controlled_ablation__O_H4__seed42,O_H4,42,101,11,1800,time_limit,True,0.0,0.03333333333333333,0.4246891438961029,0.10779938794687528,29.983333333333334,0.7402114272117615,0.0002360695630328532,0.048162612915039066,0.005011359320746527,0.5011366780598958,0.02102148605356597,0.024545356868120694,0.9994444444444445
phase2_cartpole_controlled_ablation__O_H4__seed42,O_H4,42,101,12,1800,time_limit,True,0.002777777777777778,0.1,3.770890235900879,0.28404068258162707,28.766666666666666,1.2799237966537476,0.0020961035219015448,0.1633955552842882,0.019184896681043836,1.9184954155815972,0.06262175885660716,0.39436860646450667,0.9661111111111111
phase2_cartpole_controlled_ablation__O_H4__seed42,O_H4,42,101,13,1800,time_limit,True,0.0022222222222222222,0.06666666666666667,2.154139518737793,0.24049345221608584,29.583333333333332,1.042396903038025,0.001197409404523509,0.09922524346245659,0.010961813396877712,1.0961810302734376,0.04165847856812083,0.3269549528896535,0.99
phase2_cartpole_controlled_ablation__O_H4__seed42,O_H4,42,101,14,1800,time_limit,True,0.0022222222222222222,0.1,3.8053317070007324,0.1746753284548865,29.916666666666668,0.7664744257926941,0.002115248308505132,0.11137234157986112,0.014644319746229383,1.4644315592447916,0.04342007898306812,0.39792073565627917,0.9972222222222222
phase2_cartpole_controlled_ablation__O_H4__seed42,O_H4,42,101,15,1800,time_limit,True,0.0,0.03333333333333333,1.3902673721313477,0.12138170794777571,30.0,0.8234710693359375,0.000772800095681683,0.050719519721137155,0.005921049118041992,0.5921045600043403,0.021548008556453415,0.09842267606015291,1.0
phase2_cartpole_controlled_ablation__O_H4__seed42,O_H4,42,101,16,1800,time_limit,True,0.002777777777777778,0.1,3.000617265701294,0.4347317944746739,29.6,1.6157090663909912,0.0016679362232914364,0.12679771423339845,0.014824295043945312,1.482430419921875,0.047707912881878076,0.4037354781167337,0.9894444444444445
phase2_cartpole_controlled_ablation__O_H4__seed42,O_H4,42,101,17,1800,time_limit,True,0.0,0.03333333333333333,0.5499857664108276,0.15529689779529968,29.983333333333334,0.7710222601890564,0.00030571749105660234,0.053410220675998266,0.0057662566502889,0.5766265190972222,0.02401763239385266,0.03491507991077467,0.9994444444444445
phase2_cartpole_controlled_ablation__O_H4__seed42,O_H4,42,101,18,1800,time_limit,True,0.0005555555555555556,0.06666666666666667,2.1166086196899414,0.10445872245303232,29.916666666666668,0.7609317302703857,0.0011765473150027468,0.05959166632758246,0.007725453906589084,0.7725461154513888,0.02711569002530643,0.21108181510346163,0.9972222222222222
phase2_cartpole_controlled_ablation__O_H4__seed42,O_H4,42,101,19,1800,time_limit,True,0.0005555555555555556,0.03333333333333333,3.38685941696167,0.16538642638914713,29.85,0.9169073104858398,0.0018826344730192718,0.09885727776421441,0.011895143720838759,1.18951416015625,0.030424967987313967,0.22277535686408922,0.9977777777777778
phase2_cartpole_controlled_ablation__O_H4__seed42,O_H4,42,101,20,1800,time_limit,True,0.0011111111111111111,0.06666666666666667,2.3796606063842773,0.04541898908130927,29.933333333333334,0.24540555477142334,0.0013227685416255016,0.024714014265272352,0.004871459007263184,0.4871470472547743,0.018382667753852406,0.2508305380698217,0.9977777777777778
phase2_cartpole_controlled_ablation__O_H4__seed42,O_H4,42,101,21,1800,time_limit,True,0.0,0.03333333333333333,1.946067452430725,0.1448624399054542,29.983333333333334,0.7431631684303284,0.0010817495566596582,0.07296205308702257,0.009282153447469075,0.9282145860460069,0.029501451352439655,0.14567091116697228,0.9994444444444445
phase2_cartpole_controlled_ablation__O_H4__seed42,O_H4,42,101,22,1800,time_limit,True,0.0,0.0,1.3292511701583862,0.25016413916408714,29.633333333333333,1.085141897201538,0.0007388833630674743,0.08647017584906684,0.009176027509901258,0.9176043023003472,0.03220376181061527,0.2145183378382375,0.9966666666666667
phase2_cartpole_controlled_ablation__O_H4__seed42,O_H4,42,101,23,1800,time_limit,True,0.0022222222222222222,0.1,3.966226577758789,0.19321450231796455,29.75,0.8690239787101746,0.0022046840343295103,0.11045556810167101,0.015200102064344618,1.520011257595486,0.0455706350572829,0.41045884175485803,0.9938888888888889
phase2_cartpole_controlled_ablation__O_H4__seed42,O_H4,42,101,24,1800,time_limit,True,0.0,0.0,0.5170424580574036,0.15328623615035486,29.983333333333334,0.9983497858047485,0.0002874054797428591,0.06017632378472222,0.006174763573540582,0.6174772135416666,0.014294051937948367,0.033069270976821816,0.9994444444444445
phase2_cartpole_controlled_ablation__O_H4__seed123,O_H4,123,101,0,1800,time_limit,True,0.0022222222222222222,0.13333333333333333,3.406364917755127,0.4971911050636637,29.4,1.4440913200378418,0.001893476885911688,0.15382288614908854,0.018466720581054686,1.8466704644097223,0.05437097166688259,0.3970684497841891,0.9861111111111112
phase2_cartpole_controlled_ablation__O_H4__seed123,O_H4,123,101,1,1800,time_limit,True,0.0,0.03333333333333333,1.7693300247192383,0.46096221685142846,29.983333333333334,1.0184663534164429,0.0009835075179095265,0.10678843180338542,0.01239881091647678,1.2398826768663194,0.025368240792503525,0.15043936067747754,0.9994444444444445
phase2_cartpole_controlled_ablation__O_H4__seed123,O_H4,123,101,2,1800,time_limit,True,0.0,0.03333333333333333,0.8459501266479492,0.43092154312497544,29.983333333333334,0.7545885443687439,0.00047023353343410187,0.08085422939724392,0.008568834198845757,0.85688232421875,0.02690811207100369,0.03736869464819198,0.9994444444444445
phase2_cartpole_controlled_ablation__O_H4__seed123,O_H4,123,101,3,1800,time_limit,True,0.0,0.1,1.7887099981307983,0.5438783223822141,30.0,1.4221067428588867,0.0009942801546030007,0.13380324469672308,0.014920914967854818,1.4920890299479166,0.030344587823240465,0.15704266710672035,1.0
phase2_cartpole_controlled_ablation__O_H4__seed123,O_H4,123,101,4,1800,time_limit,True,0.0005555555555555556,0.03333333333333333,1.8792009353637695,0.42992417724185195,29.966666666666665,0.6285459995269775,0.0010445808423367258,0.03756648593478733,0.005375451511806912,0.5375445217556424,0.022205956204786954,0.1738182615608299,0.9988888888888889
phase2_cartpole_controlled_ablation__O_H4__seed123,O_H4,123,101,5,1800,time_limit,True,0.0016666666666666668,0.1,3.402437210083008,0.5302681739878428,29.75,1.4053610563278198,0.0018912936131645402,0.1390413326687283,0.017924346923828126,1.7924324544270833,0.039231819248180144,0.37906063399799483,0.9944444444444445
phase2_cartpole_controlled_ablation__O_H4__seed123,O_H4,123,101,6,1800,time_limit,True,0.0005555555555555556,0.1,1.6935148239135742,0.43620063742932563,29.933333333333334,0.9946373701095581,0.0009413645491459557,0.08798718770345051,0.009641236199273004,0.964124755859375,0.026952122471542547,0.17797085820408962,0.9977777777777778
phase2_cartpole_controlled_ablation__O_H4__seed123,O_H4,123,101,7,1800,time_limit,True,0.0016666666666666668,0.03333333333333333,3.0390992164611816,0.43207162917840997,29.933333333333334,0.8367069959640503,0.0016893269685720855,0.10116659376356336,0.012981441285875108,1.2981452094184027,0.03082113565995711,0.33167277932724293,0.9977777777777778
phase2_cartpole_controlled_ablation__O_H4__seed123,O_H4,123,101,8,1800,time_limit,True,0.0005555555555555556,0.06666666666666667,2.3692820072174072,0.45879480423214036,29.983333333333334,1.2340209484100342,0.0013169994481475305,0.10625081380208333,0.012946477466159397,1.2946514214409721,0.03722890064875238,0.19351107177251126,0.9994444444444445
phase2_cartpole_controlled_ablation__O_H4__seed123,O_H4,123,101,9,1800,time_limit,True,0.0,0.03333333333333333,0.8761175870895386,0.4214558545082298,29.983333333333334,0.9952667951583862,0.00048700254979963236,0.032051001654730904,0.0038132389386494954,0.38132364908854166,0.019736668649175237,0.04952918485928524,0.9994444444444445
phase2_cartpole_controlled_ablation__O_H4__seed123,O_H4,123,101,10,1800,time_limit,True,0.0,0.03333333333333333,1.0897636413574219,0.42432650389348414,29.983333333333334,0.723103404045105,0.0006057607789646592,0.08138889736599392,0.00905605740017361,0.90560546875,0.025872012325747235,0.0916620744653099,0.9994444444444445
phase2_cartpole_controlled_ablation__O_H4__seed123,O_H4,123,101,11,1800,time_limit,True,0.0,0.03333333333333333,0.7884039878845215,0.4341159502452985,29.983333333333334,0.7545086741447449,0.0004382456853165767,0.09066511366102431,0.009539086023966472,0.9539080132378472,0.026916342437098353,0.03785963506255492,0.9994444444444445
phase2_cartpole_controlled_ablation__O_H4__seed123,O_H4,123,101,12,1800,time_limit,True,0.0022222222222222222,0.13333333333333333,2.8185620307922363,0.5146351570669486,28.7,1.5506632328033447,0.0015667382049984638,0.19238121880425346,0.020487696329752603,2.048772515190972,0.06280198784750958,0.31693798287800234,0.9727777777777777
phase2_cartpole_controlled_ablation__O_H4__seed123,O_H4,123,101,13,1800,time_limit,True,0.0022222222222222222,0.1,3.154059886932373,0.5220001903028535,29.733333333333334,1.2052682638168335,0.0017532295091341706,0.15167965359157987,0.017416616015964084,1.7416611056857638,0.03935665678887297,0.36275230776561507,0.9944444444444445
phase2_cartpole_controlled_ablation__O_H4__seed123,O_H4,123,101,14,1800,time_limit,True,0.0016666666666666668,0.1,2.5456535816192627,0.4581059672201302,29.883333333333333,1.045240044593811,0.0014150381220785228,0.12930414835611978,0.014470595253838434,1.447059054904514,0.04406023535233227,0.29271232991414514,0.9961111111111111
phase2_cartpole_controlled_ablation__O_H4__seed123,O_H4,123,101,15,1800,time_limit,True,0.0,0.06666666666666667,1.6138505935668945,0.4296136892097134,30.0,0.8234710693359375,0.0008970820420049441,0.09028046502007378,0.009898446400960286,0.9898464626736111,0.027831162704984595,0.0695296993392261,1.0
phase2_cartpole_controlled_ablation__O_H4__seed123,O_H4,123,101,16,1800,time_limit,True,0.0022222222222222222,0.13333333333333333,3.547412395477295,0.5890286805517935,29.683333333333334,1.7168489694595337,0.001971880153128013,0.17660729302300346,0.020610099368625217,2.0610107421875,0.050160346941656477,0.4152565453473022,0.9916666666666667
phase2_cartpole_controlled_ablation__O_H4__seed123,O_H4,123,101,17,1800,time_limit,True,0.0,0.06666666666666667,1.0554025173187256,0.46176457400919774,29.983333333333334,0.7915942668914795,0.0005866606544295307,0.09805458068847656,0.010704338285658095,1.0704326714409722,0.026278521115509205,0.05703243445991054,0.9994444444444445
phase2_cartpole_controlled_ablation__O_H4__seed123,O_H4,123,101,18,1800,time_limit,True,0.0011111111111111111,0.06666666666666667,3.0932788848876953,0.42239005339243146,29.933333333333334,0.7517067193984985,0.0017194435157797084,0.03229492823282878,0.005659648047553169,0.5659652370876737,0.021425430664359417,0.2696108257380316,0.9977777777777778
phase2_cartpole_controlled_ablation__O_H4__seed123,O_H4,123,101,19,1800,time_limit,True,0.0,0.06666666666666667,2.1667842864990234,0.4255717900308385,29.983333333333334,0.8479329347610474,0.001204438180377445,0.08565309312608507,0.009982904858059354,0.9982880316840278,0.0254348356938132,0.13088574196040995,0.9994444444444445
phase2_cartpole_controlled_ablation__O_H4__seed123,O_H4,123,101,20,1800,time_limit,True,0.0005555555555555556,0.06666666666666667,1.7222723960876465,0.4277915280817058,29.916666666666668,0.6787906885147095,0.0009573498588591698,0.0651219728257921,0.007663319375779893,0.7663313802083334,0.024611296402133487,0.16653197249912013,0.9972222222222222
phase2_cartpole_controlled_ablation__O_H4__seed123,O_H4,123,101,21,1800,time_limit,True,0.0,0.03333333333333333,0.865635335445404,0.43440241860531525,29.983333333333334,0.7282676696777344,0.0004811758396027816,0.047016224331325955,0.005456689728630913,0.5456695217556423,0.021753040812453876,0.07123253472558401,0.9994444444444445
phase2_cartpole_controlled_ablation__O_H4__seed123,O_H4,123,101,22,1800,time_limit,True,0.0016666666666666668,0.1,2.5317325592041016,0.510781269251767,29.933333333333334,1.125772476196289,0.0014072999217365767,0.130990473429362,0.015425033569335937,1.542503662109375,0.031059154986215854,0.2678818038002799,0.9977777777777778
phase2_cartpole_controlled_ablation__O_H4__seed123,O_H4,123,101,23,1800,time_limit,True,0.0022222222222222222,0.1,2.9289400577545166,0.46335308224969773,29.9,1.0931435823440552,0.0016280934173176858,0.12379969278971355,0.014546745088365343,1.454676513671875,0.04455012317502012,0.3234783578846478,0.9966666666666667
phase2_cartpole_controlled_ablation__O_H4__seed123,O_H4,123,101,24,1800,time_limit,True,0.0,0.0,0.9489458203315735,0.44592803234543016,29.983333333333334,0.9977582097053528,0.0005274851697229425,0.10144228617350261,0.010597692065768771,1.0597676595052083,0.021770640103153393,0.051008722481907416,0.9994444444444445
phase2_cartpole_controlled_ablation__R_CV0__seed7,R_CV0,7,101,0,1800,time_limit,True,0.0016666666666666668,0.06666666666666667,3.0574474334716797,1.613103992986038,29.9,2.0363104343414307,0.0016995260886446247,0.06800078497992622,0.00774230162302653,0.7742479790581597,0.04049491923190485,0.2907304251267848,0.9966666666666667
phase2_cartpole_controlled_ablation__R_CV0__seed7,R_CV0,7,101,1,1800,time_limit,True,0.0005555555555555556,0.03333333333333333,1.3525419235229492,1.4922558066826628,29.983333333333334,1.5987175703048706,0.0007518298629921896,0.0952137925889757,0.010157810846964517,1.0157471381293404,0.02203217984665427,0.12693239013364185,0.9994444444444445
phase2_cartpole_controlled_ablation__R_CV0__seed7,R_CV0,7,101,2,1800,time_limit,True,0.0,0.03333333333333333,0.2442682832479477,1.5028409601837125,29.983333333333334,1.5987175703048706,0.00013578003515728055,0.06502604166666667,0.006739543279012044,0.6739695231119792,0.02112404174938706,0.016690498439849655,0.9994444444444445
phase2_cartpole_controlled_ablation__R_CV0__seed7,R_CV0,7,101,3,1800,time_limit,True,0.0,0.03333333333333333,0.9894680976867676,1.4931297018087917,30.0,1.598717451095581,0.0005500100598592371,0.08960460238986545,0.009513389799329969,0.9513043212890625,0.015361903113093761,0.0932223894721213,1.0
phase2_cartpole_controlled_ablation__R_CV0__seed7,R_CV0,7,101,4,1800,time_limit,True,0.0,0.0,0.8725972175598145,1.550897547591394,29.95,1.598717451095581,0.00048504570181201473,0.0413069831000434,0.004230184290144178,0.4230341254340278,0.02155574465479716,0.09414663546252071,0.9983333333333333
phase2_cartpole_controlled_ablation__R_CV0__seed7,R_CV0,7,101,5,1800,time_limit,True,0.0005555555555555556,0.03333333333333333,2.9247539043426514,1.499735355343638,29.55,1.6312177181243896,0.0016257664837924688,0.13475673251681858,0.015280763838026259,1.5279859754774305,0.04272284067519552,0.31312008520327145,0.9894444444444445
phase2_cartpole_controlled_ablation__R_CV0__seed7,R_CV0,7,101,6,1800,time_limit,True,0.0005555555555555556,0.0,1.3684217929840088,1.5296053916222514,29.933333333333334,1.598717451095581,0.0007606569166114556,0.06593796624077691,0.006821027861701118,0.6821193440755209,0.019513383959131197,0.1467556010442281,0.9977777777777778
phase2_cartpole_controlled_ablation__R_CV0__seed7,R_CV0,7,101,7,1800,time_limit,True,0.0005555555555555556,0.1,3.123352527618408,1.4766707962931345,29.9,1.5987175703048706,0.0017361603822225726,0.11607705858018663,0.012959746254814995,1.295881618923611,0.03471708874371861,0.29131745277262494,0.9966666666666667
phase2_cartpole_controlled_ablation__R_CV0__seed7,R_CV0,7,101,8,1800,time_limit,True,0.0,0.0,0.33984118700027466,1.5764682069037967,29.983333333333334,1.598717451095581,0.00018890560700404372,0.020769916110568578,0.002115590042538113,0.21155663384331597,0.01863427121583473,0.044099872572876474,0.9994444444444445
phase2_cartpole_controlled_ablation__R_CV0__seed7,R_CV0,7,101,9,1800,time_limit,True,0.0,0.0,0.26210999488830566,1.5332721200417172,29.983333333333334,1.5987175703048706,0.00014569760694180416,0.04255548689100477,0.004360373285081652,0.43605258517795137,0.01795026685486254,0.024502849620738804,0.9994444444444445
phase2_cartpole_controlled_ablation__R_CV0__seed7,R_CV0,7,101,10,1800,time_limit,True,0.0,0.03333333333333333,0.5335692763328552,1.5089391120663587,29.983333333333334,1.5987175703048706,0.00029659214915667327,0.0560018793741862,0.005914740562438965,0.5914879014756944,0.012112092837714309,0.04440016610483939,0.9994444444444445
phase2_cartpole_controlled_ablation__R_CV0__seed7,R_CV0,7,101,11,1800,time_limit,True,0.0,0.03333333333333333,0.4386814832687378,1.4965503047576245,29.983333333333334,1.5987176895141602,0.0002438474059303712,0.07690091451009115,0.008063269721137153,0.8063412136501736,0.022086305178401353,0.03871193297819477,0.9994444444444445
phase2_cartpole_controlled_ablation__R_CV0__seed7,R_CV0,7,101,12,1800,time_limit,True,0.0011111111111111111,0.06666666666666667,2.4010112285614014,1.5593145480656003,29.883333333333333,1.5987173318862915,0.0013346365917517517,0.06478985256618923,0.0071312136120266385,0.7131382242838542,0.03373957092153021,0.2414099019860406,0.9961111111111111
phase2_cartpole_controlled_ablation__R_CV0__seed7,R_CV0,7,101,13,1800,time_limit,True,0.0005555555555555556,0.1,2.9774508476257324,1.473302130505395,29.9,1.5987173318862915,0.001655058836923698,0.1070440928141276,0.011826962365044488,1.1826017252604166,0.0318849660631169,0.2691803239599491,0.9966666666666667
phase2_cartpole_controlled_ablation__R_CV0__seed7,R_CV0,7,101,14,1800,time_limit,True,0.0011111111111111111,0.06666666666666667,2.619868516921997,1.5622782828803972,29.883333333333333,1.5987176895141602,0.001456291560267925,0.06875414106580946,0.007607423994276259,0.7607584635416667,0.03201731453636735,0.26232345537898527,0.9961111111111111
phase2_cartpole_controlled_ablation__R_CV0__seed7,R_CV0,7,101,15,1800,time_limit,True,0.0,0.0,0.581974983215332,1.517099350912192,30.0,1.598717451095581,0.0003234991568734475,0.05950389862060547,0.006089976628621419,0.609012451171875,0.01241927772202357,0.05782878749398868,1.0
phase2_cartpole_controlled_ablation__R_CV0__seed7,R_CV0,7,101,16,1800,time_limit,True,0.0011111111111111111,0.1,3.3330941200256348,1.4837340081658326,29.616666666666667,1.5987175703048706,0.0018527482601587743,0.12991280449761286,0.014890036053127713,1.4889107259114582,0.04217556443152355,0.32836104687528744,0.9916666666666667
phase2_cartpole_controlled_ablation__R_CV0__seed7,R_CV0,7,101,17,1800,time_limit,True,0.0,0.0,0.28040561079978943,1.5007082023188065,29.983333333333334,1.5987175703048706,0.00015586748793762614,0.07466364542643229,0.007631967862447103,0.7632118733723958,0.019015981129808433,0.030856773814091937,0.9994444444444445
phase2_cartpole_controlled_ablation__R_CV0__seed7,R_CV0,7,101,18,1800,time_limit,True,0.0005555555555555556,0.03333333333333333,2.3559460639953613,1.4797928178816677,29.9,1.5987175703048706,0.0013095864724821352,0.07923782348632813,0.008484918276468913,0.8485056559244791,0.027976084528280848,0.20709027550546674,0.9966666666666667
phase2_cartpole_controlled_ablation__R_CV0__seed7,R_CV0,7,101,19,1800,time_limit,True,0.0,0.0,0.20479512214660645,1.5620670407092452,29.983333333333334,1.5987176895141602,0.00011383831136553999,0.026775182088216144,0.002720788319905599,0.2720764838324653,0.010980263625664597,0.026629576419580067,0.9994444444444445
phase2_cartpole_controlled_ablation__R_CV0__seed7,R_CV0,7,101,20,1800,time_limit,True,0.0005555555555555556,0.0,1.3740158081054688,1.5351937769303567,29.916666666666668,1.598717451095581,0.000763766430297648,0.060607342190212674,0.006305667029486762,0.630582275390625,0.021324205702180046,0.14582909714131917,0.9972222222222222
phase2_cartpole_controlled_ablation__R_CV0__seed7,R_CV0,7,101,21,1800,time_limit,True,0.0,0.0,0.06682966649532318,1.5425595668761423,29.983333333333334,1.5987175703048706,3.714823040318131e-05,0.03449538336859809,0.0035300517082214357,0.3530209350585938,0.016047779875321744,0.008193967137651057,0.9994444444444445
phase2_cartpole_controlled_ablation__R_CV0__seed7,R_CV0,7,101,22,1800,time_limit,True,0.0005555555555555556,0.03333333333333333,2.15238094329834,1.485466612501822,29.933333333333334,1.598717451095581,0.0011964318750963534,0.09017215304904513,0.009794416427612305,0.9794078233506944,0.022541462759246213,0.1869945920002427,0.9977777777777778
phase2_cartpole_controlled_ablation__R_CV0__seed7,R_CV0,7,101,23,1800,time_limit,True,0.0011111111111111111,0.06666666666666667,2.6844024658203125,1.577140438199958,29.883333333333333,1.5987175703048706,0.0014921636830574278,0.05704836103651258,0.006488160027398004,0.6488340250651041,0.031833694888686384,0.2619990417747673,0.9961111111111111
phase2_cartpole_controlled_ablation__R_CV0__seed7,R_CV0,7,101,24,1800,time_limit,True,0.0,0.03333333333333333,0.30785423517227173,1.4961700598829928,29.983333333333334,1.598717451095581,0.0001711252002069326,0.08606892055935329,0.008928276697794597,0.8927930365668403,0.016013679282823892,0.0254961971821606,0.9994444444444445
phase2_cartpole_controlled_ablation__R_CV0__seed42,R_CV0,42,101,0,1800,time_limit,True,0.0016666666666666668,0.03333333333333333,2.0463151931762695,1.3707247891107242,29.466666666666665,1.512391209602356,0.0011374737038222732,0.1328936513264974,0.01517112308078342,1.5171134440104166,0.049550384665581905,0.3434354942447559,0.9861111111111112
phase2_cartpole_controlled_ablation__R_CV0__seed42,R_CV0,42,101,1,1800,time_limit,True,0.0,0.06666666666666667,1.2449941635131836,0.4978156462146428,29.983333333333334,1.0271620750427246,0.0006920478952268947,0.09995936075846354,0.010606381098429362,1.0606370713975695,0.019708518157103103,0.06465957202533626,0.9994444444444445
phase2_cartpole_controlled_ablation__R_CV0__seed42,R_CV0,42,101,2,1800,time_limit,True,0.0,0.0,0.4213828444480896,0.3685682865561363,29.983333333333334,0.6293388605117798,0.00023423170897614765,0.0741139136420356,0.007556242412990994,0.755624254014757,0.02004326630656898,0.009840535962885906,0.9994444444444445
phase2_cartpole_controlled_ablation__R_CV0__seed42,R_CV0,42,101,3,1800,time_limit,True,0.0,0.0,1.0113168954849243,1.4654792371546075,30.0,1.812431812286377,0.0005621550280627706,0.04684877607557509,0.004463321367899577,0.44633232964409725,0.016159934377413775,0.0655082390531916,1.0
phase2_cartpole_controlled_ablation__R_CV0__seed42,R_CV0,42,101,4,1800,time_limit,True,0.0,0.03333333333333333,1.3152868747711182,0.37940172448001797,29.95,0.7123837471008301,0.000731121108822189,0.07042253706190321,0.007856835789150663,0.7856829155815972,0.02251027167122184,0.1313257029361286,0.9983333333333333
phase2_cartpole_controlled_ablation__R_CV0__seed42,R_CV0,42,101,5,1800,time_limit,True,0.0005555555555555556,0.0,1.9247426986694336,1.473665404490572,29.8,1.9199604988098145,0.0010698958858640542,0.05718570285373264,0.0062052276399400495,0.6205224609375,0.038975886642031256,0.18250872958365705,0.9933333333333333
phase2_cartpole_controlled_ablation__R_CV0__seed42,R_CV0,42,101,6,1800,time_limit,True,0.0005555555555555556,0.06666666666666667,1.5919806957244873,0.3764677020738334,29.933333333333334,0.9946373701095581,0.0008849253450386255,0.09033031887478299,0.009932335747612847,0.9932335747612847,0.020646368959666216,0.19174463648826284,0.9977777777777778
phase2_cartpole_controlled_ablation__R_CV0__seed42,R_CV0,42,101,7,1800,time_limit,True,0.0005555555555555556,0.0,1.5856019258499146,1.3894151943347475,29.783333333333335,1.5066723823547363,0.0008813796141467007,0.05471899244520399,0.005788230895996093,0.5788233100043403,0.03555869812952227,0.16239701618696062,0.9927777777777778
phase2_cartpole_controlled_ablation__R_CV0__seed42,R_CV0,42,101,8,1800,time_limit,True,0.0,0.03333333333333333,1.314453125,0.6739878911843354,29.983333333333334,1.2348757982254028,0.0007306576570316843,0.18262381659613716,0.019178273942735462,1.9178243001302084,0.028917790305873166,0.105482995597856,0.9994444444444445
phase2_cartpole_controlled_ablation__R_CV0__seed42,R_CV0,42,101,9,1800,time_limit,True,0.0,0.0,0.16958868503570557,0.3544480825122554,29.983333333333334,0.9952667951583862,9.426830741284357e-05,0.026093648274739582,0.002689632044898139,0.2689632839626736,0.017178020367685298,0.029855666785519413,0.9994444444444445
phase2_cartpole_controlled_ablation__R_CV0__seed42,R_CV0,42,101,10,1800,time_limit,True,0.0,0.0,0.859375536441803,0.41934705084928114,29.983333333333334,0.7814851403236389,0.00047769624037899,0.11072405497233073,0.011220499674479167,1.1220515272352432,0.014127867852956945,0.024630953900018186,0.9994444444444445
phase2_cartpole_controlled_ablation__R_CV0__seed42,R_CV0,42,101,11,1800,time_limit,True,0.0,0.0,0.21517890691757202,0.37501678429235213,29.983333333333334,0.7402114272117615,0.00011961028733606004,0.0857240719265408,0.00868083159128825,0.8680845811631944,0.02030259078154805,0.013833375162804416,0.9994444444444445
phase2_cartpole_controlled_ablation__R_CV0__seed42,R_CV0,42,101,12,1800,time_limit,True,0.0016666666666666668,0.1,2.4774248600006104,0.5439239262764186,29.45,1.1778111457824707,0.0013771122067818846,0.21178153143988715,0.02262359619140625,2.2623509385850693,0.052959831134575586,0.33631592562402096,0.985
phase2_cartpole_controlled_ablation__R_CV0__seed42,R_CV0,42,101,13,1800,time_limit,True,0.0005555555555555556,0.0,1.929532527923584,1.4732736833790092,29.783333333333335,2.03545880317688,0.0010725583812804802,0.09390451219346788,0.009615422354804145,0.9615410698784722,0.04363443612758874,0.16891833413970808,0.9927777777777778
phase2_cartpole_controlled_ablation__R_CV0__seed42,R_CV0,42,101,14,1800,time_limit,True,0.0016666666666666668,0.1,2.0342960357666016,0.40098871319097473,29.866666666666667,0.900448739528656,0.0011307926824717074,0.14475611368815103,0.015948396258884005,1.5948380533854167,0.038923650865008,0.30173632806248996,0.9955555555555555
phase2_cartpole_controlled_ablation__R_CV0__seed42,R_CV0,42,101,15,1800,time_limit,True,0.0,0.0,0.3831641972064972,0.4185415581056977,30.0,0.8234710693359375,0.00021298732473957598,0.1026539781358507,0.010321146647135416,1.0321143934461805,0.017053996925431966,0.05089140071712998,1.0
phase2_cartpole_controlled_ablation__R_CV0__seed42,R_CV0,42,101,16,1800,time_limit,True,0.0005555555555555556,0.0,2.1796460151672363,1.4818317942937589,28.8,2.4250648021698,0.0012115875570690585,0.11076700846354166,0.011593977610270182,1.1593941243489583,0.05478122974392234,0.20969406286948775,0.975
phase2_cartpole_controlled_ablation__R_CV0__seed42,R_CV0,42,101,17,1800,time_limit,True,0.0,0.0,0.39266669750213623,0.4255095375706461,29.983333333333334,0.8125258088111877,0.00021826942607122636,0.0909835476345486,0.009395355648464627,0.9395359293619792,0.019095424991386577,0.037765746343408346,0.9994444444444445
phase2_cartpole_controlled_ablation__R_CV0__seed42,R_CV0,42,101,18,1800,time_limit,True,0.0,0.0,1.2601953744888306,0.6001292619279078,29.766666666666666,1.134265422821045,0.0007004977067753366,0.15870549519856772,0.016390500598483616,1.6390504286024306,0.03574200220760638,0.11725499900675267,0.9922222222222222
phase2_cartpole_controlled_ablation__R_CV0__seed42,R_CV0,42,101,19,1800,time_limit,True,0.0,0.0,0.36447009444236755,0.382706126270911,29.983333333333334,0.8479329347610474,0.00020259593910081577,0.11900604248046875,0.01197490480211046,1.1974949815538194,0.015339343574083923,0.039377406347841794,0.9994444444444445
phase2_cartpole_controlled_ablation__R_CV0__seed42,R_CV0,42,101,20,1800,time_limit,True,0.0,0.03333333333333333,1.3124181032180786,0.3671968614904451,29.916666666666668,0.5777621865272522,0.0007295264609327841,0.05974328782823351,0.006844788127475314,0.6844783528645834,0.020751681855865876,0.16691357443388222,0.9972222222222222
phase2_cartpole_controlled_ablation__R_CV0__seed42,R_CV0,42,101,21,1800,time_limit,True,0.0,0.0,0.7582730054855347,0.38696856409320146,29.983333333333334,0.8039801716804504,0.00042149694579518326,0.08615570068359375,0.008935055202907986,0.8935049099392361,0.0194802453257509,0.03425131615973979,0.9994444444444445
phase2_cartpole_controlled_ablation__R_CV0__seed42,R_CV0,42,101,22,1800,time_limit,True,0.0005555555555555556,0.0,1.6369549036026,1.4611142569839655,29.883333333333333,1.815150499343872,0.0009099249047262925,0.06393305036756727,0.0062934239705403645,0.6293414306640625,0.026471351864963674,0.12086774840196109,0.9961111111111111
phase2_cartpole_controlled_ablation__R_CV0__seed42,R_CV0,42,101,23,1800,time_limit,True,0.0016666666666666668,0.03333333333333333,2.1396327018737793,0.42212374916402173,29.866666666666667,0.9946979880332947,0.001189345581919833,0.15727296617296008,0.017538248697916668,1.7538266330295138,0.04103149914219989,0.31064095469589165,0.9955555555555555
phase2_cartpole_controlled_ablation__R_CV0__seed42,R_CV0,42,101,24,1800,time_limit,True,0.0,0.0,0.602064847946167,0.39032416801431563,29.983333333333334,0.9909949898719788,0.00033466639685723567,0.09956088595920139,0.0101669979095459,1.0166994222005208,0.01273469733393896,0.018098343580311982,0.9994444444444445
phase2_cartpole_controlled_ablation__R_CV0__seed123,R_CV0,123,101,0,1800,time_limit,True,0.0011111111111111111,0.03333333333333333,3.7819650173187256,2.236370151382158,29.65,2.5392801761627197,0.002102259598287229,0.07013693067762587,0.008605996237860786,0.8606011284722223,0.03404326227153614,0.3774289284469936,0.9916666666666667
phase2_cartpole_controlled_ablation__R_CV0__seed123,R_CV0,123,101,1,1800,time_limit,True,0.0,0.0,0.5557146072387695,1.3199886087767376,29.983333333333334,1.3447301387786865,0.0003089019495490659,0.015998902850680882,0.0018668368127610947,0.18668143378363716,0.017160853528183913,0.06790126992662496,0.9994444444444445
phase2_cartpole_controlled_ablation__R_CV0__seed123,R_CV0,123,101,2,1800,time_limit,True,0.0005555555555555556,0.03333333333333333,1.370394229888916,1.2529700500800367,29.983333333333334,1.344730257987976,0.0007617533240071796,0.043152639600965714,0.004642569753858778,0.46426415337456595,0.020868026932964558,0.0602688197126896,0.9994444444444445
phase2_cartpole_controlled_ablation__R_CV0__seed123,R_CV0,123,101,3,1800,time_limit,True,0.0005555555555555556,0.03333333333333333,1.5447947978973389,1.351057679084628,30.0,1.4605919122695923,0.0008586963857128065,0.023741885291205512,0.0024876027637057833,0.24875808715820313,0.017384011635632537,0.12878519147221362,1.0
phase2_cartpole_controlled_ablation__R_CV0__seed123,R_CV0,123,101,4,1800,time_limit,True,0.0005555555555555556,0.03333333333333333,2.086505174636841,1.5754293189675315,29.966666666666665,2.386625289916992,0.0011598138825107509,0.0669595718383789,0.007325296931796604,0.7325295681423611,0.01929175469836369,0.14623759594778368,0.9988888888888889
phase2_cartpole_controlled_ablation__R_CV0__seed123,R_CV0,123,101,5,1800,time_limit,True,0.0011111111111111111,0.03333333333333333,2.303874969482422,1.3504399842427899,29.883333333333333,1.4430149793624878,0.0012806420063826692,0.02634078555636936,0.004666206041971843,0.46663550482855903,0.03283394612226186,0.30233166539336,0.9961111111111111
phase2_cartpole_controlled_ablation__R_CV0__seed123,R_CV0,123,101,6,1800,time_limit,True,0.0005555555555555556,0.03333333333333333,3.378547430038452,1.1930517154898748,29.966666666666665,1.344730257987976,0.0018780141356522803,0.0664153798421224,0.007535369661119249,0.7535489908854167,0.018208080994161803,0.24121342392162032,0.9988888888888889
phase2_cartpole_controlled_ablation__R_CV0__seed123,R_CV0,123,101,7,1800,time_limit,True,0.0005555555555555556,0.03333333333333333,1.5932667255401611,1.2923063142339852,29.9,1.3447303771972656,0.000885640203190751,0.04382615407307943,0.005206983884175618,0.520709703233507,0.02596094973682451,0.23455240500847194,0.9966666666666667
phase2_cartpole_controlled_ablation__R_CV0__seed123,R_CV0,123,101,8,1800,time_limit,True,0.0,0.0,0.7508077025413513,2.1913428547227483,29.983333333333334,2.534776210784912,0.00041734724988401966,0.05120586819118923,0.005191958745320638,0.5191961330837673,0.017850971763996193,0.0829983239828124,0.9994444444444445
phase2_cartpole_controlled_ablation__R_CV0__seed123,R_CV0,123,101,9,1800,time_limit,True,0.0,0.0,0.15634357929229736,1.18515599250162,29.983333333333334,1.344730257987976,8.690582506520143e-05,0.053203616672092016,0.005426423814561632,0.5426501125759549,0.016852201476893196,0.030691163221862255,0.9994444444444445
phase2_cartpole_controlled_ablation__R_CV0__seed123,R_CV0,123,101,10,1800,time_limit,True,0.0,0.0,0.761366605758667,1.2763389322113747,29.983333333333334,1.344730257987976,0.0004232165679592368,0.04376968383789062,0.004231056637234158,0.4231151665581597,0.009187078544136444,0.04043127313802159,0.9994444444444445
phase2_cartpole_controlled_ablation__R_CV0__seed123,R_CV0,123,101,11,1800,time_limit,True,0.0,0.03333333333333333,0.9561290740966797,1.286530604835664,29.983333333333334,1.3447301387786865,0.0005314780845451249,0.03139129850599501,0.0033180697758992514,0.33181881374782984,0.021502816348472533,0.049093052988158456,0.9994444444444445
phase2_cartpole_controlled_ablation__R_CV0__seed123,R_CV0,123,101,12,1800,time_limit,True,0.0011111111111111111,0.03333333333333333,4.684142112731934,1.9953042068913187,29.5,2.508965492248535,0.0026037477002400964,0.09435523139105903,0.010706439548068577,1.0706419542100694,0.045959896126786436,0.40503047122060765,0.9855555555555555
phase2_cartpole_controlled_ablation__R_CV0__seed123,R_CV0,123,101,13,1800,time_limit,True,0.0016666666666666668,0.06666666666666667,2.3732411861419678,1.331581541673936,29.9,1.364402174949646,0.0013192002146425613,0.0498801506890191,0.005493761698404948,0.549394056532118,0.03237136010451588,0.3044159725392585,0.9966666666666667
phase2_cartpole_controlled_ablation__R_CV0__seed123,R_CV0,123,101,14,1800,time_limit,True,0.0011111111111111111,0.03333333333333333,4.2162041664123535,0.9932812964273843,29.65,1.344730257987976,0.0023436376689340488,0.09383061726888021,0.010674612257215712,1.067467787000868,0.033601952076397636,0.36746203537132394,0.9922222222222222
phase2_cartpole_controlled_ablation__R_CV0__seed123,R_CV0,123,101,15,1800,time_limit,True,0.0,0.03333333333333333,0.4176015257835388,1.2883289684832,30.0,1.3447303771972656,0.00023212980866233398,0.03633867051866319,0.003428577846950955,0.3428687201605903,0.013477867788106154,0.04949152741882292,1.0
phase2_cartpole_controlled_ablation__R_CV0__seed123,R_CV0,123,101,16,1800,time_limit,True,0.0016666666666666668,0.06666666666666667,2.888148546218872,1.3620192493305208,29.55,1.62699556350708,0.0016054188694935364,0.05715847439236111,0.007176468637254503,0.7176634385850694,0.04365830121219679,0.3716696349340494,0.9877777777777778
phase2_cartpole_controlled_ablation__R_CV0__seed123,R_CV0,123,101,17,1800,time_limit,True,0.0,0.03333333333333333,0.7180752754211426,1.3098247992667973,29.983333333333334,1.344730257987976,0.0003991524599339314,0.02188134087456597,0.0024462951554192437,0.24462721082899305,0.015288704398978711,0.049787573439982115,0.9994444444444445
phase2_cartpole_controlled_ablation__R_CV0__seed123,R_CV0,123,101,18,1800,time_limit,True,0.0005555555555555556,0.0,1.1560171842575073,1.172886889516188,29.883333333333333,1.344730257987976,0.0006425887627890535,0.0692146725124783,0.007116036944919162,0.7116147867838541,0.025162495903279687,0.1781286882461115,0.9961111111111111
phase2_cartpole_controlled_ablation__R_CV0__seed123,R_CV0,123,101,19,1800,time_limit,True,0.0,0.0,0.45657628774642944,1.0672824989236358,29.983333333333334,1.3447301387786865,0.0002537944901314227,0.0693661626180013,0.006713861359490289,0.6713935004340278,0.016294767161967476,0.026589599199775254,0.9994444444444445
phase2_cartpole_controlled_ablation__R_CV0__seed123,R_CV0,123,101,20,1800,time_limit,True,0.0005555555555555556,0.03333333333333333,2.9196629524230957,1.203091066440652,29.95,1.344730257987976,0.0016229366050156174,0.05939550611707899,0.006969517601860894,0.6969632975260417,0.01740703633189456,0.20714706412450426,0.9983333333333333
phase2_cartpole_controlled_ablation__R_CV0__seed123,R_CV0,123,101,21,1800,time_limit,True,0.0,0.0,0.7047129273414612,1.8308371826835197,29.983333333333334,2.474635601043701,0.0003917248067490057,0.0629845682779948,0.006392565303378635,0.6392557101779514,0.015255821108924376,0.046227552963682285,0.9994444444444445
phase2_cartpole_controlled_ablation__R_CV0__seed123,R_CV0,123,101,22,1800,time_limit,True,0.0005555555555555556,0.03333333333333333,1.9508531093597412,1.3325749084016765,29.933333333333334,1.349403977394104,0.001084409732829206,0.03349013434516059,0.0036351201269361707,0.36352969699435767,0.021025497783524243,0.21097354533846724,0.9977777777777778
phase2_cartpole_controlled_ablation__R_CV0__seed123,R_CV0,123,101,23,1800,time_limit,True,0.0011111111111111111,0.03333333333333333,4.2229743003845215,1.9413839459092135,29.666666666666668,2.499260425567627,0.002347400945183169,0.08574735005696614,0.010068292617797852,1.0068307156032985,0.03168759620580003,0.35989383120975904,0.9933333333333333
phase2_cartpole_controlled_ablation__R_CV0__seed123,R_CV0,123,101,24,1800,time_limit,True,0.0005555555555555556,0.0,1.1022611856460571,1.3047321495187612,29.983333333333334,1.3447301387786865,0.000612707718535885,0.025390584733751085,0.0027178335189819336,0.27178134494357636,0.014527773606490409,0.06871484570535791,0.9994444444444445
phase2_cartpole_controlled_ablation__R_CV2__seed7,R_CV2,7,101,0,1800,time_limit,True,0.0011111111111111111,0.1,3.263869285583496,0.9722141732987751,29.55,1.6215178966522217,0.0018142686412359623,0.12582139756944444,0.014220487806532118,1.4220621744791666,0.04313221365877168,0.30830769475242537,0.9905555555555555
phase2_cartpole_controlled_ablation__R_CV2__seed7,R_CV2,7,101,1,1800,time_limit,True,0.0,0.0,0.9959267973899841,1.0237034813933379,29.983333333333334,1.1247973442077637,0.0005536002208949328,0.012591333389282226,0.0014507798353830972,0.1450737847222222,0.015827959930740786,0.09406157815959582,0.9994444444444445
phase2_cartpole_controlled_ablation__R_CV2__seed7,R_CV2,7,101,2,1800,time_limit,True,0.0,0.0,0.30176597833633423,0.9464581413025339,29.983333333333334,1.0086140632629395,0.00016774095516194231,0.023480686611599393,0.0024673946698506675,0.24673731486002604,0.018259084764307668,0.0241870563366724,0.9994444444444445
phase2_cartpole_controlled_ablation__R_CV2__seed7,R_CV2,7,101,3,1800,time_limit,True,0.0,0.0,0.596514105796814,1.010820768634125,30.0,1.034867763519287,0.00033158093707438244,0.007033481068081326,0.0007592960860994127,0.07593101501464844,0.005801195300417281,0.05607187773278086,1.0
phase2_cartpole_controlled_ablation__R_CV2__seed7,R_CV2,7,101,4,1800,time_limit,True,0.0005555555555555556,0.03333333333333333,1.665968894958496,0.9134040615791028,29.966666666666665,1.0086146593093872,0.0009260527487262347,0.06268686082628039,0.006910426881578234,0.6910477023654514,0.02156732287197196,0.14460729482894807,0.9988888888888889
phase2_cartpole_controlled_ablation__R_CV2__seed7,R_CV2,7,101,5,1800,time_limit,True,0.0016666666666666668,0.03333333333333333,2.802459239959717,1.1099580334127503,29.9,1.7494585514068604,0.0015577872373316935,0.056681170993381075,0.007054216596815321,0.705429212782118,0.03503863404918222,0.32669783307309697,0.9966666666666667
phase2_cartpole_controlled_ablation__R_CV2__seed7,R_CV2,7,101,6,1800,time_limit,True,0.0005555555555555556,0.0,1.9173156023025513,0.907844211114245,29.933333333333334,1.0086146593093872,0.0010657674276278774,0.057048178778754344,0.005905481974283854,0.5905524359809028,0.019512045001260775,0.1790152686324195,0.9977777777777778
phase2_cartpole_controlled_ablation__R_CV2__seed7,R_CV2,7,101,7,1800,time_limit,True,0.0016666666666666668,0.06666666666666667,2.6540756225585938,1.0281216359494103,29.916666666666668,1.1884145736694336,0.0014753060714611417,0.04458172692192925,0.005656127399868436,0.5656209309895833,0.0286156917709596,0.31104831818752426,0.9972222222222222
phase2_cartpole_controlled_ablation__R_CV2__seed7,R_CV2,7,101,8,1800,time_limit,True,0.0005555555555555556,0.03333333333333333,1.3365108966827393,0.9304829623879585,29.983333333333334,1.130995512008667,0.0007429187863717283,0.07516434563530816,0.008255075878567166,0.825512220594618,0.019912686025981553,0.10927713042067848,0.9994444444444445
phase2_cartpole_controlled_ablation__R_CV2__seed7,R_CV2,7,101,9,1800,time_limit,True,0.0,0.0,0.8689305782318115,0.917191973358862,29.983333333333334,1.008614420890808,0.00048300754765525934,0.049285346137152776,0.0053382725185818145,0.5338327365451389,0.01711600006517832,0.06797244864542451,0.9994444444444445
phase2_cartpole_controlled_ablation__R_CV2__seed7,R_CV2,7,101,10,1800,time_limit,True,0.0,0.0,0.07109062373638153,0.9334787891214151,29.983333333333334,1.0086145401000977,3.951674471171847e-05,0.032872596316867404,0.0033628278308444554,0.33627668592664933,0.00825636656023776,0.014508645354174432,0.9994444444444445
phase2_cartpole_controlled_ablation__R_CV2__seed7,R_CV2,7,101,11,1800,time_limit,True,0.0,0.0,0.06269239634275436,0.9757554998937575,29.983333333333334,1.0086145401000977,3.4848469340052455e-05,0.011223442289564345,0.0011702432897355822,0.11702332390679253,0.01823314350890633,0.01312499283482593,0.9994444444444445
phase2_cartpole_controlled_ablation__R_CV2__seed7,R_CV2,7,101,12,1800,time_limit,True,0.0005555555555555556,0.0,2.545484781265259,0.903539859299937,29.883333333333333,1.0086140632629395,0.0014149442919762416,0.09023061964246962,0.009528472688463,0.9528335910373263,0.037152665079645056,0.2571944945156658,0.9961111111111111
phase2_cartpole_controlled_ablation__R_CV2__seed7,R_CV2,7,101,13,1800,time_limit,True,0.0016666666666666668,0.06666666666666667,2.5093908309936523,1.005711938021343,29.9,1.0665812492370605,0.0013948809510804072,0.04145169152153863,0.005205530590481228,0.5205626085069445,0.025934326202391205,0.28483304314536245,0.9966666666666667
phase2_cartpole_controlled_ablation__R_CV2__seed7,R_CV2,7,101,14,1800,time_limit,True,0.0011111111111111111,0.0,2.6393208503723145,0.9032600416267063,29.866666666666667,1.0086143016815186,0.0014671044193286906,0.09725954691569011,0.010247483783298069,1.0247321234809028,0.036329486780382024,0.2714058014792718,0.9955555555555555
phase2_cartpole_controlled_ablation__R_CV2__seed7,R_CV2,7,101,15,1800,time_limit,True,0.0005555555555555556,0.0,1.1800768375396729,0.9226673119456363,30.0,1.0086146593093872,0.0006559626667813635,0.03910060882568359,0.004098352856106228,0.40982957628038197,0.009040897975421782,0.09638242015209235,1.0
phase2_cartpole_controlled_ablation__R_CV2__seed7,R_CV2,7,101,16,1800,time_limit,True,0.0016666666666666668,0.06666666666666667,2.9091382026672363,1.063178366726311,29.9,1.427868127822876,0.001617086271632705,0.0551598866780599,0.006933645142449273,0.6933719211154514,0.036490919899789497,0.35500090836243087,0.9966666666666667
phase2_cartpole_controlled_ablation__R_CV2__seed7,R_CV2,7,101,17,1800,time_limit,True,0.0,0.0,0.7648077011108398,0.9571112849187131,29.983333333333334,1.008614420890808,0.00042512935025616446,0.020048465728759766,0.002072761721081204,0.20727562798394097,0.015099172204880154,0.06065559279500534,0.9994444444444445
phase2_cartpole_controlled_ablation__R_CV2__seed7,R_CV2,7,101,18,1800,time_limit,True,0.0011111111111111111,0.06666666666666667,1.9642958641052246,0.9481425369061334,29.916666666666668,1.0086147785186768,0.0010918820812146886,0.058299776713053385,0.006537392934163411,0.6537461344401042,0.02347474212274634,0.21795324151133266,0.9972222222222222
phase2_cartpole_controlled_ablation__R_CV2__seed7,R_CV2,7,101,19,1800,time_limit,True,0.0,0.03333333333333333,1.01823890209198,0.9224672576689941,29.983333333333334,1.008614420890808,0.0005660027248982657,0.0661030493842231,0.007181351449754503,0.7181399197048611,0.012006916854107935,0.08121646612946168,0.9994444444444445
phase2_cartpole_controlled_ablation__R_CV2__seed7,R_CV2,7,101,20,1800,time_limit,True,0.0005555555555555556,0.0,1.9425435066223145,0.9062832997952943,29.916666666666668,1.0086146593093872,0.0010797907207461448,0.05982718997531467,0.00627544191148546,0.6275495062934028,0.021594938673324043,0.18068424952907844,0.9972222222222222
phase2_cartpole_controlled_ablation__R_CV2__seed7,R_CV2,7,101,21,1800,time_limit,True,0.0,0.0,0.6158174276351929,0.9178819033977462,29.983333333333334,1.0086143016815186,0.0003423109658894902,0.054684087965223525,0.0058544201321072045,0.5854467095269097,0.015816942230118036,0.04773792709395266,0.9994444444444445
phase2_cartpole_controlled_ablation__R_CV2__seed7,R_CV2,7,101,22,1800,time_limit,True,0.0005555555555555556,0.03333333333333333,1.6925950050354004,0.9996459673326054,29.933333333333334,1.0190421342849731,0.0009408532546055588,0.022974959479437933,0.0027932143211364746,0.27931332058376734,0.01587045308741956,0.17102831746217367,0.9977777777777778
phase2_cartpole_controlled_ablation__R_CV2__seed7,R_CV2,7,101,23,1800,time_limit,True,0.0005555555555555556,0.06666666666666667,2.7845606803894043,0.9183429349661579,29.866666666666667,1.0086145401000977,0.0015478380658084515,0.10238788180881077,0.011078150007459852,1.107798800998264,0.03630409494205627,0.2759367891127042,0.9955555555555555
phase2_cartpole_controlled_ablation__R_CV2__seed7,R_CV2,7,101,24,1800,time_limit,True,0.0,0.0,0.19281363487243652,0.9998123671083204,29.983333333333334,1.0086147785186768,0.00010717822950107645,0.0042178389761183,0.0004240367809931437,0.04240327623155382,0.008409984053940485,0.019344783347936687,0.9994444444444445
phase2_cartpole_controlled_ablation__R_CV2__seed42,R_CV2,42,101,0,1800,time_limit,True,0.0005555555555555556,0.03333333333333333,1.6670506000518799,1.296440324159158,28.983333333333334,1.6440078020095825,0.0009266540300455141,0.14084739685058595,0.01525883674621582,1.5258840603298611,0.05936052692542193,0.26232717971014935,0.9733333333333334
phase2_cartpole_controlled_ablation__R_CV2__seed42,R_CV2,42,101,1,1800,time_limit,True,0.0,0.0,0.2506389021873474,1.3838119230473682,29.983333333333334,1.424574375152588,0.00013932123523476787,0.018593355814615884,0.0020497927400800918,0.20497879028320312,0.019124884848154503,0.05341573955030865,0.9994444444444445
phase2_cartpole_controlled_ablation__R_CV2__seed42,R_CV2,42,101,2,1800,time_limit,True,0.0,0.0,0.7625897526741028,1.3167934179661434,29.983333333333334,1.4245747327804565,0.0004238964717476947,0.04758421156141493,0.004991765022277832,0.4991779581705729,0.023260052366204147,0.059363233504640435,0.9994444444444445
phase2_cartpole_controlled_ablation__R_CV2__seed42,R_CV2,42,101,3,1800,time_limit,True,0.0,0.0,0.8753112554550171,1.4092851601231748,30.0,1.4424008131027222,0.00048655433877432857,0.02767645729912652,0.002864942815568712,0.28649444580078126,0.02271769584345121,0.10903655473783654,1.0
phase2_cartpole_controlled_ablation__R_CV2__seed42,R_CV2,42,101,4,1800,time_limit,True,0.0005555555555555556,0.03333333333333333,1.2869787216186523,1.2860049492065264,29.95,1.4245742559432983,0.000715385615129879,0.08273423088921442,0.008831757969326443,0.8831761338975694,0.02916975232105453,0.13268600523558877,0.9983333333333333
phase2_cartpole_controlled_ablation__R_CV2__seed42,R_CV2,42,101,5,1800,time_limit,True,0.0005555555555555556,0.0,1.132922887802124,1.4322971590803781,29.8,1.6732025146484375,0.0006297514662602135,0.03898720211452908,0.004672270880805122,0.46723602294921873,0.0429848442377119,0.20517469411186018,0.9933333333333333
phase2_cartpole_controlled_ablation__R_CV2__seed42,R_CV2,42,101,6,1800,time_limit,True,0.0005555555555555556,0.03333333333333333,1.324273705482483,1.2898767945746956,29.9,1.424574375152588,0.000736116567805716,0.08039731343587239,0.008585987091064453,0.8585999213324653,0.0315651609853894,0.1677116251557274,0.9966666666666667
phase2_cartpole_controlled_ablation__R_CV2__seed42,R_CV2,42,101,7,1800,time_limit,True,0.0,0.0,0.6292461156845093,1.353192858992565,29.766666666666666,1.4245747327804565,0.0003497754950997828,0.04642052544487847,0.004928733507792155,0.4928771294487847,0.03892913601439367,0.16659034889031643,0.9922222222222222
phase2_cartpole_controlled_ablation__R_CV2__seed42,R_CV2,42,101,8,1800,time_limit,True,0.0005555555555555556,0.03333333333333333,1.2918211221694946,1.2921747467629427,29.983333333333334,1.424574375152588,0.0007180773330569731,0.0980049557156033,0.01030748685201009,1.030750732421875,0.03188292319696535,0.12136302910179719,0.9994444444444445
phase2_cartpole_controlled_ablation__R_CV2__seed42,R_CV2,42,101,9,1800,time_limit,True,0.0,0.03333333333333333,0.37029343843460083,1.300307799849312,29.983333333333334,1.4245747327804565,0.0002058329285350755,0.05711274888780382,0.00591288619571262,0.5912903510199653,0.017387749474475106,0.054664199951778326,0.9994444444444445
phase2_cartpole_controlled_ablation__R_CV2__seed42,R_CV2,42,101,10,1800,time_limit,True,0.0,0.0,0.3718104362487793,1.3276773653320035,29.983333333333334,1.4245741367340088,0.00020667617356797072,0.04636369493272569,0.004496753480699328,0.44967854817708336,0.0092093311476903,0.028215509937668748,0.9994444444444445
phase2_cartpole_controlled_ablation__R_CV2__seed42,R_CV2,42,101,11,1800,time_limit,True,0.0,0.0,0.49414610862731934,1.3398620473726328,29.983333333333334,1.4245747327804565,0.0002746782149123509,0.035324791802300345,0.003637386163075765,0.3637382676866319,0.022369996034031343,0.04461180630405222,0.9994444444444445
phase2_cartpole_controlled_ablation__R_CV2__seed42,R_CV2,42,101,12,1800,time_limit,True,0.0011111111111111111,0.03333333333333333,1.9798725843429565,1.2857223666574615,28.966666666666665,1.4245749711990356,0.001100540624982188,0.1446832275390625,0.0153526062435574,1.5352591959635418,0.06506284292364611,0.2706799508078022,0.9722222222222222
phase2_cartpole_controlled_ablation__R_CV2__seed42,R_CV2,42,101,13,1800,time_limit,True,0.0005555555555555556,0.0,1.4649454355239868,1.3801378224913556,29.166666666666668,1.424574375152588,0.0008143109702745897,0.06256344265407986,0.006914565828111436,0.6914649115668403,0.04660017192137607,0.22611362231977025,0.9811111111111112
phase2_cartpole_controlled_ablation__R_CV2__seed42,R_CV2,42,101,14,1800,time_limit,True,0.0005555555555555556,0.03333333333333333,1.5678938627243042,1.280125056621531,29.083333333333332,1.424574851989746,0.0008715363328095076,0.11302118089463975,0.012296776241726346,1.2296808539496529,0.051968129221407894,0.2438607771112059,0.9777777777777777
phase2_cartpole_controlled_ablation__R_CV2__seed42,R_CV2,42,101,15,1800,time_limit,True,0.0,0.0,0.1643211394548416,1.3303011175549901,30.0,1.4245747327804565,9.134026651186304e-05,0.0389330334133572,0.003563014136420356,0.3563019476996528,0.015360379586881481,0.044103269421041945,1.0
phase2_cartpole_controlled_ablation__R_CV2__seed42,R_CV2,42,101,16,1800,time_limit,True,0.0011111111111111111,0.03333333333333333,1.6688851118087769,1.4167688190804983,29.083333333333332,1.824052333831787,0.000927673769765857,0.07611061096191406,0.008757425944010416,0.8757566324869792,0.060708378701246526,0.28223885467992765,0.9761111111111112
phase2_cartpole_controlled_ablation__R_CV2__seed42,R_CV2,42,101,17,1800,time_limit,True,0.0,0.0,0.0969541072845459,1.3551193063411069,29.983333333333334,1.4245742559432983,5.389333367679038e-05,0.02401583989461263,0.002309539582994249,0.2309532504611545,0.016389956785241643,0.03859414488692929,0.9994444444444445
phase2_cartpole_controlled_ablation__R_CV2__seed42,R_CV2,42,101,18,1800,time_limit,True,0.0,0.0,0.3667103052139282,1.3073894489493016,29.75,1.4245742559432983,0.0002038411924479868,0.07181047227647569,0.007380277845594618,0.7380315483940972,0.03604972014369263,0.11892022319091994,0.9916666666666667
phase2_cartpole_controlled_ablation__R_CV2__seed42,R_CV2,42,101,19,1800,time_limit,True,0.0,0.0,0.15687040984630585,1.2953421852750435,29.983333333333334,1.4245742559432983,8.719867139872476e-05,0.07196038987901476,0.006984386973910861,0.6984410264756944,0.010746541922824789,0.041906722280186465,0.9994444444444445
phase2_cartpole_controlled_ablation__R_CV2__seed42,R_CV2,42,101,20,1800,time_limit,True,0.0,0.03333333333333333,1.0550849437713623,1.2921889695007096,29.866666666666667,1.4245749711990356,0.0005864841266099846,0.07101134830050998,0.0076645416683620874,0.7664560275607639,0.029016336673683866,0.14990889290231194,0.9955555555555555
phase2_cartpole_controlled_ablation__R_CV2__seed42,R_CV2,42,101,21,1800,time_limit,True,0.0,0.03333333333333333,1.115569829940796,1.2891235780984596,29.983333333333334,1.424574851989746,0.0006201055197002757,0.07811680263943142,0.008241452640957303,0.8241483561197916,0.025596990293005304,0.08374404152191522,0.9994444444444445
phase2_cartpole_controlled_ablation__R_CV2__seed42,R_CV2,42,101,22,1800,time_limit,True,0.0005555555555555556,0.0,1.1566238403320312,1.3867239583235524,29.9,1.424574851989746,0.0006429259812851758,0.04070235358344184,0.004256971942053901,0.42569776746961807,0.029418656034265283,0.16087701313057132,0.9966666666666667
phase2_cartpole_controlled_ablation__R_CV2__seed42,R_CV2,42,101,23,1800,time_limit,True,0.0011111111111111111,0.03333333333333333,1.7022696733474731,1.2819845666986294,29.066666666666666,1.4245750904083252,0.0009462310580030423,0.121911375257704,0.013359971576266819,1.3359993489583333,0.053033705412308514,0.245748214209842,0.9766666666666667
phase2_cartpole_controlled_ablation__R_CV2__seed42,R_CV2,42,101,24,1800,time_limit,True,0.0,0.0,0.6880710124969482,1.3574087292029322,29.983333333333334,1.424574851989746,0.0003824741592534454,0.031011649237738716,0.0032544432746039495,0.32544664171006943,0.015550898633506055,0.052995036606531105,0.9994444444444445
phase2_cartpole_controlled_ablation__R_CV2__seed123,R_CV2,123,101,0,1800,time_limit,True,0.0011111111111111111,0.03333333333333333,2.143667221069336,0.788438413470537,29.683333333333334,1.472602367401123,0.0011915882273870683,0.06258414374457465,0.007611652480231391,0.7611577690972222,0.0395537985656749,0.31999538365319163,0.9944444444444445
phase2_cartpole_controlled_ablation__R_CV2__seed123,R_CV2,123,101,1,1800,time_limit,True,0.0,0.0,0.7744032144546509,0.6887119653949768,29.983333333333334,0.9612496495246887,0.00043046315422715445,0.0591251458062066,0.006427638795640733,0.6427555338541666,0.01624317258068106,0.08330113106649552,0.9994444444444445
phase2_cartpole_controlled_ablation__R_CV2__seed123,R_CV2,123,101,2,1800,time_limit,True,0.0,0.0,0.3775368630886078,0.6849414294866802,29.983333333333334,0.7343521118164062,0.00020985929021045458,0.036499671936035157,0.0036049334208170573,0.3604971991644965,0.018244364624659372,0.020257535564522106,0.9994444444444445
phase2_cartpole_controlled_ablation__R_CV2__seed123,R_CV2,123,101,3,1800,time_limit,True,0.0,0.0,1.037914752960205,1.7998352728926643,30.0,1.8194165229797363,0.0005769398293275181,0.03164808697170681,0.0028515985276963978,0.28515560574001736,0.01419422771475443,0.0970420026870267,1.0
phase2_cartpole_controlled_ablation__R_CV2__seed123,R_CV2,123,101,4,1800,time_limit,True,0.0,0.03333333333333333,1.1276826858520508,0.7231314362994438,29.95,0.7852513194084167,0.0006268386247093112,0.017119497723049586,0.0021078846189710827,0.2107913038465712,0.020352653202467985,0.12731287503289992,0.9983333333333333
phase2_cartpole_controlled_ablation__R_CV2__seed123,R_CV2,123,101,5,1800,time_limit,True,0.0011111111111111111,0.03333333333333333,1.561768651008606,1.7968275959930664,29.883333333333333,1.8194162845611572,0.0008681315458635942,0.034901580810546874,0.004130079216427273,0.4130060831705729,0.03171378052382896,0.25788232955834234,0.9961111111111111
phase2_cartpole_controlled_ablation__R_CV2__seed123,R_CV2,123,101,6,1800,time_limit,True,0.0005555555555555556,0.03333333333333333,1.7014011144638062,0.7032391400412362,29.933333333333334,0.9946373701095581,0.0009457482570671518,0.039053009880913626,0.0044077242745293515,0.44078284369574655,0.017593287768859663,0.19465682042273186,0.9977777777777778
phase2_cartpole_controlled_ablation__R_CV2__seed123,R_CV2,123,101,7,1800,time_limit,True,0.0005555555555555556,0.0,1.3478586673736572,0.6615704875390368,29.9,0.8367069959640503,0.0007492266077674582,0.06226802402072483,0.006695096757676866,0.6695033094618056,0.026928687573573903,0.23641014560387302,0.9966666666666667
phase2_cartpole_controlled_ablation__R_CV2__seed123,R_CV2,123,101,8,1800,time_limit,True,0.0,0.0,0.6286685466766357,0.7622752151875568,29.983333333333334,1.2420849800109863,0.000349454445067613,0.027746253543429904,0.002952427864074707,0.29523352728949653,0.020028248778154636,0.08914708513719857,0.9994444444444445
phase2_cartpole_controlled_ablation__R_CV2__seed123,R_CV2,123,101,9,1800,time_limit,True,0.0,0.0,0.07430529594421387,0.6910672328767316,29.983333333333334,0.9952667951583862,4.130366645036902e-05,0.017860001458062064,0.0017834360069698759,0.17833648681640624,0.0179709345646003,0.022582470403468613,0.9994444444444445
phase2_cartpole_controlled_ablation__R_CV2__seed123,R_CV2,123,101,10,1800,time_limit,True,0.0,0.0,0.7205499410629272,0.6611792749193666,29.983333333333334,0.7338079810142517,0.00040052803838962046,0.048365245395236546,0.0047752904891967774,0.4775175984700521,0.013670392637271898,0.04982387464015606,0.9994444444444445
phase2_cartpole_controlled_ablation__R_CV2__seed123,R_CV2,123,101,11,1800,time_limit,True,0.0,0.0,0.1634078323841095,0.6754611476941297,29.983333333333334,0.7402114272117615,9.08325916532015e-05,0.04630406273735894,0.004538938204447429,0.45388170030381947,0.018415449286338474,0.014810191808490641,0.9994444444444445
phase2_cartpole_controlled_ablation__R_CV2__seed123,R_CV2,123,101,12,1800,time_limit,True,0.0011111111111111111,0.06666666666666667,2.3329906463623047,0.7811924457966755,29.566666666666666,1.3971848487854004,0.0012968263737422484,0.0825093502468533,0.008978632820977104,0.8979069010416667,0.04616927516651135,0.3197940523967741,0.9894444444444445
phase2_cartpole_controlled_ablation__R_CV2__seed123,R_CV2,123,101,13,1800,time_limit,True,0.0011111111111111111,0.0,1.6426697969436646,1.775740749189851,29.883333333333333,1.8194162845611572,0.0009131016103077624,0.06403940836588541,0.006372583707173665,0.6372679307725695,0.03235094515615174,0.2664581278148233,0.9961111111111111
phase2_cartpole_controlled_ablation__R_CV2__seed123,R_CV2,123,101,14,1800,time_limit,True,0.0011111111111111111,0.06666666666666667,2.261331081390381,0.7313584757134014,29.866666666666667,0.9264931082725525,0.0012569933748695836,0.054120398627387156,0.00650235546959771,0.6502341037326389,0.034036365169367484,0.30589202234588014,0.9955555555555555
phase2_cartpole_controlled_ablation__R_CV2__seed123,R_CV2,123,101,15,1800,time_limit,True,0.0,0.03333333333333333,0.2332029491662979,0.6593514211736656,30.0,0.8234710693359375,0.0001296292102091706,0.05279156578911676,0.0051163148880004885,0.5116222805447048,0.016934607374141698,0.043430054634105354,1.0
phase2_cartpole_controlled_ablation__R_CV2__seed123,R_CV2,123,101,16,1800,time_limit,True,0.0016666666666666668,0.06666666666666667,1.8807576894760132,1.8391585219905369,29.633333333333333,2.0366787910461426,0.0010454461864791624,0.06836031172010634,0.007095106972588433,0.7095162624782986,0.0422090655806535,0.3247683751186583,0.9922222222222222
phase2_cartpole_controlled_ablation__R_CV2__seed123,R_CV2,123,101,17,1800,time_limit,True,0.0,0.0,0.33085066080093384,0.6735483139847515,29.983333333333334,0.7960385680198669,0.0001839080938304246,0.05380066341824002,0.005542740821838379,0.5542654418945312,0.01700914980828675,0.03803274238142925,0.9994444444444445
phase2_cartpole_controlled_ablation__R_CV2__seed123,R_CV2,123,101,18,1800,time_limit,True,0.0,0.0,0.9980716705322266,0.691180567765721,29.883333333333333,0.7646889090538025,0.0005547924794509319,0.030723484887017143,0.0032411503791809084,0.32411994086371526,0.02570059132866689,0.18277312141730462,0.9961111111111111
phase2_cartpole_controlled_ablation__R_CV2__seed123,R_CV2,123,101,19,1800,time_limit,True,0.0,0.0,0.20006045699119568,0.6964300037783844,29.983333333333334,0.8479329347610474,0.00011120647970605651,0.023952632480197484,0.0021160576078626844,0.21160868326822915,0.0153995923265632,0.019067575581545305,0.9994444444444445
phase2_cartpole_controlled_ablation__R_CV2__seed123,R_CV2,123,101,20,1800,time_limit,True,0.0005555555555555556,0.03333333333333333,1.5646899938583374,0.6944058148978081,29.916666666666668,0.733946681022644,0.0008697554162636672,0.03295549816555447,0.0039737868309021,0.39738525390625,0.018723584040056192,0.1726327672056982,0.9972222222222222
phase2_cartpole_controlled_ablation__R_CV2__seed123,R_CV2,123,101,21,1800,time_limit,True,0.0,0.0,0.41480427980422974,0.7300202407237208,29.983333333333334,0.8463738560676575,0.00023057491929084477,0.01440956539577908,0.0014299694697062174,0.1429967074924045,0.015273550802267501,0.0360142096450304,0.9994444444444445
phase2_cartpole_controlled_ablation__R_CV2__seed123,R_CV2,123,101,22,1800,time_limit,True,0.0005555555555555556,0.0,1.4173893928527832,1.7534162618270606,29.933333333333334,1.8194160461425781,0.0007878762606185565,0.04861927880181206,0.004686582883199056,0.4686571248372396,0.020593388347315555,0.18489207948984276,0.9977777777777778
phase2_cartpole_controlled_ablation__R_CV2__seed123,R_CV2,123,101,23,1800,time_limit,True,0.0011111111111111111,0.06666666666666667,2.2319998741149902,0.7512002115365117,29.866666666666667,1.0973566770553589,0.001240689201842685,0.05346711900499132,0.006635415289137098,0.6635514322916667,0.03472033728675482,0.3020262776129034,0.9955555555555555
phase2_cartpole_controlled_ablation__R_CV2__seed123,R_CV2,123,101,24,1800,time_limit,True,0.0,0.0,0.6013599634170532,0.6759232850896534,29.983333333333334,0.9891538619995117,0.0003342745766631758,0.056977352566189236,0.005694127612643772,0.5693962944878472,0.009308224863759672,0.03405188508830336,0.9994444444444445
phase2_cartpole_controlled_ablation__A_E50__seed7,A_E50,7,101,0,1800,time_limit,True,0.002777777777777778,0.03333333333333333,3.8759732246398926,0.6802413581904552,29.283333333333335,1.5957450866699219,0.0021545154111394624,0.11318998548719618,0.025356845855712892,1.267841796875,0.05471855371811464,0.360479119389668,0.9805555555555555
phase2_cartpole_controlled_ablation__A_E50__seed7,A_E50,7,101,1,1800,time_limit,True,0.0005555555555555556,0.03333333333333333,1.4699313640594482,0.6960456935260274,29.983333333333334,1.1179115772247314,0.0008170824702943014,0.023120447794596353,0.005053603914048937,0.25268880208333333,0.019853555387711587,0.09398506083264213,0.9994444444444445
phase2_cartpole_controlled_ablation__A_E50__seed7,A_E50,7,101,2,1800,time_limit,True,0.0,0.03333333333333333,0.5426832437515259,0.6565363700162238,29.983333333333334,0.6712631583213806,0.0003016582789057954,0.013384755452473958,0.0028864889674716527,0.14432459513346355,0.018853901919197478,0.032590278088647104,0.9994444444444445
phase2_cartpole_controlled_ablation__A_E50__seed7,A_E50,7,101,3,1800,time_limit,True,0.0,0.03333333333333333,0.9739522933959961,0.6890318418003314,30.0,1.0016337633132935,0.0005413853770961624,0.015847227308485243,0.00345908694797092,0.17296018812391492,0.009789289412490569,0.06195481406955032,1.0
phase2_cartpole_controlled_ablation__A_E50__seed7,A_E50,7,101,4,1800,time_limit,True,0.0011111111111111111,0.03333333333333333,2.288701295852661,0.6410693802998806,29.95,0.6819456219673157,0.001272207501863625,0.055520812140570745,0.012193034489949545,0.6096377902560763,0.027594282671946142,0.1611730405381457,0.9983333333333333
phase2_cartpole_controlled_ablation__A_E50__seed7,A_E50,7,101,5,1800,time_limit,True,0.0022222222222222222,0.03333333333333333,3.788512706756592,0.7384348201537164,29.2,1.7685856819152832,0.0021058992255456317,0.06891476101345487,0.015299912558661567,0.764964599609375,0.04968970495805712,0.2833420845625003,0.9805555555555555
phase2_cartpole_controlled_ablation__A_E50__seed7,A_E50,7,101,6,1800,time_limit,True,0.0011111111111111111,0.03333333333333333,2.1439208984375,0.6431921853825958,29.916666666666668,0.9946373701095581,0.0011917292375972764,0.045582012600368926,0.01026119656032986,0.5130409071180555,0.028041121123752403,0.19232170842925891,0.9972222222222222
phase2_cartpole_controlled_ablation__A_E50__seed7,A_E50,7,101,7,1800,time_limit,True,0.002777777777777778,0.03333333333333333,3.2976160049438477,0.6838338368074859,29.883333333333333,1.0069600343704224,0.0018330272401021943,0.04375847710503472,0.009805284076266818,0.49024295383029515,0.03776333150903993,0.2659219037413643,0.9961111111111111
phase2_cartpole_controlled_ablation__A_E50__seed7,A_E50,7,101,8,1800,time_limit,True,0.0011111111111111111,0.03333333333333333,1.9584368467330933,0.6564021504341816,29.983333333333334,1.1752616167068481,0.0010886252622196182,0.06707318200005426,0.014522892634073893,0.7261197916666666,0.025273203808586664,0.1269469357799542,0.9994444444444445
phase2_cartpole_controlled_ablation__A_E50__seed7,A_E50,7,101,9,1800,time_limit,True,0.0005555555555555556,0.03333333333333333,1.4856138229370117,0.6410617635868426,29.983333333333334,0.9952667951583862,0.0008257997904041199,0.04111270904541016,0.008943895763821073,0.4471761406792535,0.02136009103113891,0.09149130896570673,0.9994444444444445
phase2_cartpole_controlled_ablation__A_E50__seed7,A_E50,7,101,10,1800,time_limit,True,0.0,0.03333333333333333,0.5390676259994507,0.6481975114381692,29.983333333333334,0.6712630987167358,0.00029964848582515323,0.02313439687093099,0.00495864815182156,0.24794074164496527,0.011842643536249971,0.03091282460964839,0.9994444444444445
phase2_cartpole_controlled_ablation__A_E50__seed7,A_E50,7,101,11,1800,time_limit,True,0.0,0.0,0.007409036159515381,0.6715292028416168,29.983333333333334,0.7402114272117615,4.118419210403213e-06,0.00021568925844298468,3.761933909522163e-05,0.0018809609942966037,0.01817374842819458,0.012377487599413673,0.9994444444444445
phase2_cartpole_controlled_ablation__A_E50__seed7,A_E50,7,101,12,1800,time_limit,True,0.0022222222222222222,0.03333333333333333,3.0214858055114746,0.639047377826379,29.35,0.9664056301116943,0.0016795363010069341,0.07213812934027777,0.016588623258802625,0.8294174533420139,0.047016030542505055,0.2929414917874849,0.9838888888888889
phase2_cartpole_controlled_ablation__A_E50__seed7,A_E50,7,101,13,1800,time_limit,True,0.0022222222222222222,0.03333333333333333,3.0088894367218018,0.6712654443815401,29.866666666666667,0.7882001996040344,0.001672534428416788,0.034585880703396264,0.0077321932050916885,0.38661919487847224,0.0335119152609515,0.24322142932464996,0.9955555555555555
phase2_cartpole_controlled_ablation__A_E50__seed7,A_E50,7,101,14,1800,time_limit,True,0.0022222222222222222,0.03333333333333333,3.218569278717041,0.6386990442955334,29.316666666666666,0.6712632775306702,0.001789087981499189,0.07571378072102865,0.01754140959845649,0.8770522054036458,0.04786474206432524,0.31267639607011705,0.9822222222222222
phase2_cartpole_controlled_ablation__A_E50__seed7,A_E50,7,101,15,1800,time_limit,True,0.0005555555555555556,0.03333333333333333,1.470810890197754,0.646078923608938,30.0,0.8234710693359375,0.0008175713675362724,0.030389715830485026,0.006707636515299479,0.335389641655816,0.015036701385855698,0.1057840189343642,1.0
phase2_cartpole_controlled_ablation__A_E50__seed7,A_E50,7,101,16,1800,time_limit,True,0.002777777777777778,0.03333333333333333,3.691152572631836,0.7031017309035485,29.25,1.3262569904327393,0.002051780196015473,0.05953890482584635,0.013376935323079427,0.668819580078125,0.04770876244320075,0.3019189005597215,0.9816666666666667
phase2_cartpole_controlled_ablation__A_E50__seed7,A_E50,7,101,17,1800,time_limit,True,0.0,0.0,0.6391347050666809,0.664254440193872,29.983333333333334,0.6864643096923828,0.0003552722095979327,0.010877401563856337,0.0023945819007025826,0.11972760518391927,0.01614729864382867,0.0553224284330619,0.9994444444444445
phase2_cartpole_controlled_ablation__A_E50__seed7,A_E50,7,101,18,1800,time_limit,True,0.0011111111111111111,0.0,1.9646952152252197,0.6450279283678855,29.866666666666667,0.7673787474632263,0.0010921040662730515,0.04732641008165148,0.009675357606675889,0.4837486775716146,0.02864266349131476,0.17670444420502457,0.9955555555555555
phase2_cartpole_controlled_ablation__A_E50__seed7,A_E50,7,101,19,1800,time_limit,True,0.0005555555555555556,0.03333333333333333,1.6993799209594727,0.647392428842617,29.983333333333334,0.9453007578849792,0.0009446247476150487,0.0581116697523329,0.01255337291293674,0.6276466200086805,0.01886922143925147,0.10553182089696399,0.9994444444444445
phase2_cartpole_controlled_ablation__A_E50__seed7,A_E50,7,101,20,1800,time_limit,True,0.0011111111111111111,0.03333333333333333,2.3073251247406006,0.6404312196334304,29.916666666666668,0.6712630987167358,0.001282559824758533,0.04935364617241753,0.011119361453586154,0.5559502156575521,0.029611642303934853,0.19660965734378322,0.9972222222222222
phase2_cartpole_controlled_ablation__A_E50__seed7,A_E50,7,101,21,1800,time_limit,True,0.0005555555555555556,0.03333333333333333,1.3606431484222412,0.6414371757160829,29.983333333333334,0.6712631583213806,0.0007563330452597227,0.04654494815402561,0.010068204667833116,0.5033916558159722,0.020557182669320426,0.07902099860385514,0.9994444444444445
phase2_cartpole_controlled_ablation__A_E50__seed7,A_E50,7,101,22,1800,time_limit,True,0.0005555555555555556,0.0,2.003169059753418,0.678326857877249,29.916666666666668,0.8585448265075684,0.001113490305588337,0.023509513007269965,0.005180477566189236,0.25903254191080727,0.021697569871347917,0.1448813181448353,0.9972222222222222
phase2_cartpole_controlled_ablation__A_E50__seed7,A_E50,7,101,23,1800,time_limit,True,0.0022222222222222222,0.03333333333333333,3.390263795852661,0.6435223321880442,29.333333333333332,0.9107789993286133,0.0018845268459436694,0.08550299750434028,0.019548496670193143,0.9774555799696181,0.04728097377443443,0.32026607683579006,0.9827777777777778
phase2_cartpole_controlled_ablation__A_E50__seed7,A_E50,7,101,24,1800,time_limit,True,0.0,0.0,0.16581782698631287,0.6849061806094169,29.983333333333334,1.000347375869751,9.217222178227508e-05,0.010892023510403104,0.0022350003984239366,0.11174840291341145,0.010142031114477068,0.01476098123824374,0.9994444444444445
phase2_cartpole_controlled_ablation__A_E50__seed42,A_E50,42,101,0,1800,time_limit,True,0.0038888888888888888,0.03333333333333333,2.0504767894744873,1.7430435894896923,29.533333333333335,1.7759288549423218,0.0011397869869230058,0.04531369103325738,0.010983214908175998,0.549156494140625,0.0434932897514984,0.3066740737241651,0.9894444444444445
phase2_cartpole_controlled_ablation__A_E50__seed42,A_E50,42,101,1,1800,time_limit,True,0.0005555555555555556,0.03333333333333333,1.5838491916656494,1.61537925610645,29.983333333333334,1.7759288549423218,0.0008804053316651747,0.09592675950792101,0.020413341522216796,1.020648193359375,0.019777448465996512,0.11316475091959707,0.9994444444444445
phase2_cartpole_controlled_ablation__A_E50__seed42,A_E50,42,101,2,1800,time_limit,True,0.0,0.0,0.17301544547080994,1.648616038251436,29.983333333333334,1.7759286165237427,9.617312144013893e-05,0.0699032719930013,0.014051276312934027,0.7025416395399305,0.01907806466318959,0.012864640888286137,0.9994444444444445
phase2_cartpole_controlled_ablation__A_E50__seed42,A_E50,42,101,3,1800,time_limit,True,0.0011111111111111111,0.03333333333333333,2.9547007083892822,1.6104532189146321,29.5,1.7759287357330322,0.0016424128451302292,0.11869446648491754,0.02518232345581055,1.2591311306423612,0.03356112095663359,0.1727608526402806,0.9883333333333333
phase2_cartpole_controlled_ablation__A_E50__seed42,A_E50,42,101,4,1800,time_limit,True,0.0,0.0,0.8236703276634216,1.6988299563187927,29.916666666666668,1.7759286165237427,0.00045784898702802757,0.047097621493869354,0.009754243426852756,0.4877088080512153,0.023141383418876286,0.08843402377943588,0.9972222222222222
phase2_cartpole_controlled_ablation__A_E50__seed42,A_E50,42,101,5,1800,time_limit,True,0.0022222222222222222,0.03333333333333333,2.838682174682617,1.6080464952282856,29.416666666666668,1.7759284973144531,0.0015779222760881697,0.13114556206597222,0.028738271925184463,1.4369264051649306,0.04205804908786897,0.2873558383279876,0.9872222222222222
phase2_cartpole_controlled_ablation__A_E50__seed42,A_E50,42,101,6,1800,time_limit,True,0.0011111111111111111,0.0,1.3270301818847656,1.668411196359845,29.9,1.7759287357330322,0.0007376487948219931,0.07170140584309896,0.014566245608859591,0.7282881673177083,0.022125264251816767,0.14821996263964216,0.9966666666666667
phase2_cartpole_controlled_ablation__A_E50__seed42,A_E50,42,101,7,1800,time_limit,True,0.0022222222222222222,0.03333333333333333,2.194591522216797,1.6247159373780202,29.883333333333333,1.7759287357330322,0.0012198952319159516,0.09456537034776476,0.020659192403157552,1.032939927842882,0.03243962814252504,0.2562748925335396,0.9961111111111111
phase2_cartpole_controlled_ablation__A_E50__seed42,A_E50,42,101,8,1800,time_limit,True,0.0,0.0,0.6565122008323669,1.7371583646944162,29.983333333333334,1.7759286165237427,0.00036493174031815837,0.026528515285915797,0.005275039143032498,0.26374925401475696,0.01858616350914978,0.062378077796118196,0.9994444444444445
phase2_cartpole_controlled_ablation__A_E50__seed42,A_E50,42,101,9,1800,time_limit,True,0.0,0.03333333333333333,0.7552099823951721,1.6719674007435987,29.983333333333334,1.7759287357330322,0.0004197943203975387,0.053465877109103735,0.011406969494289822,0.5703243001302083,0.02364445899408812,0.040016372164598885,0.9994444444444445
phase2_cartpole_controlled_ablation__A_E50__seed42,A_E50,42,101,10,1800,time_limit,True,0.0005555555555555556,0.03333333333333333,1.814524531364441,1.641093352461418,29.983333333333334,1.7759286165237427,0.001008629533832374,0.07658982170952691,0.016347372266981335,0.8173463948567709,0.024256820562874933,0.10561989836501896,0.9994444444444445
phase2_cartpole_controlled_ablation__A_E50__seed42,A_E50,42,101,11,1800,time_limit,True,0.0,0.03333333333333333,0.36541298031806946,1.6328774575064224,29.983333333333334,1.7759286165237427,0.0002031200557632404,0.07972903781467014,0.0160639582739936,0.8031762017144097,0.01923900329646277,0.024832268813698113,0.9994444444444445
phase2_cartpole_controlled_ablation__A_E50__seed42,A_E50,42,101,12,1800,time_limit,True,0.005,0.03333333333333333,2.663416862487793,1.714289113197792,29.4,1.7759286165237427,0.001480498533900941,0.07052330017089843,0.015841750038994684,0.7920598008897569,0.05166524546729744,0.3240196897701187,0.9838888888888889
phase2_cartpole_controlled_ablation__A_E50__seed42,A_E50,42,101,13,1800,time_limit,True,0.002777777777777778,0.03333333333333333,3.6613335609436035,1.6120719716149978,29.333333333333332,1.7759287357330322,0.002035204869896389,0.12557115342881944,0.027617647382948134,1.3808958604600694,0.04818976432998615,0.3349608425959535,0.9816666666666667
phase2_cartpole_controlled_ablation__A_E50__seed42,A_E50,42,101,14,1800,time_limit,True,0.0033333333333333335,0.0,1.9477747678756714,1.6865461553209202,29.833333333333332,1.7759284973144531,0.0010826985924823076,0.07454331292046441,0.015440178977118598,0.77198486328125,0.0393320321471301,0.27084608781565916,0.9944444444444445
phase2_cartpole_controlled_ablation__A_E50__seed42,A_E50,42,101,15,1800,time_limit,True,0.0,0.03333333333333333,1.2524943351745605,1.6369634239353315,29.65,1.7759287357330322,0.0006962169734155422,0.07792560153537327,0.01652657402886285,0.8263065592447917,0.030672511443905873,0.06306165943860485,0.9894444444444445
phase2_cartpole_controlled_ablation__A_E50__seed42,A_E50,42,101,16,1800,time_limit,True,0.0033333333333333335,0.03333333333333333,4.318851947784424,1.6078056668951008,29.283333333333335,1.7759287357330322,0.002400695913165327,0.1505260721842448,0.033412178887261286,1.670624050564236,0.05864323087962986,0.39682042238054305,0.9788888888888889
phase2_cartpole_controlled_ablation__A_E50__seed42,A_E50,42,101,17,1800,time_limit,True,0.0,0.03333333333333333,0.9571470022201538,1.62360934752423,29.983333333333334,1.7759287357330322,0.0005320439145192628,0.08691455417209201,0.018227091895209418,0.9113353814019097,0.026334318544975057,0.05110657904522135,0.9994444444444445
phase2_cartpole_controlled_ablation__A_E50__seed42,A_E50,42,101,18,1800,time_limit,True,0.0016666666666666668,0.03333333333333333,1.9143270254135132,1.6724920168541828,29.9,1.7759286165237427,0.0010641061842209633,0.06245247734917535,0.013686146206325954,0.6842831081814236,0.028850699077520178,0.2118916198753621,0.9966666666666667
phase2_cartpole_controlled_ablation__A_E50__seed42,A_E50,42,101,19,1800,time_limit,True,0.0,0.03333333333333333,1.1198614835739136,1.6909199687483158,29.7,1.7759287357330322,0.0006224910970394184,0.047479286193847656,0.010139628516303168,0.5069779120551215,0.025881031516915842,0.06716375596749799,0.995
phase2_cartpole_controlled_ablation__A_E50__seed42,A_E50,42,101,20,1800,time_limit,True,0.0,0.0,0.8897560834884644,1.6665430455455539,29.85,1.7759287357330322,0.0004945837039958112,0.06638637118869357,0.013782795800103081,0.6891164143880208,0.025398096794754032,0.11842622397411272,0.995
phase2_cartpole_controlled_ablation__A_E50__seed42,A_E50,42,101,21,1800,time_limit,True,0.0,0.0,0.3577677011489868,1.7022617428681874,29.983333333333334,1.7759286165237427,0.00019887031748137121,0.0402611329820421,0.008110210100809733,0.40550804985894096,0.014926544532892404,0.019298679406440755,0.9994444444444445
phase2_cartpole_controlled_ablation__A_E50__seed42,A_E50,42,101,22,1800,time_limit,True,0.0016666666666666668,0.03333333333333333,3.1951451301574707,1.6115494008419868,29.433333333333334,1.7759288549423218,0.0017760673319385607,0.11576097276475694,0.024748611450195312,1.2374458821614582,0.03590697129774428,0.2415249551534164,0.9861111111111112
phase2_cartpole_controlled_ablation__A_E50__seed42,A_E50,42,101,23,1800,time_limit,True,0.0038888888888888888,0.06666666666666667,2.015028476715088,1.7082759295487642,29.833333333333332,1.7759286165237427,0.0011200825329155575,0.06222492218017578,0.013420342339409723,0.6709897189670139,0.04002683044331469,0.2765059112107041,0.9944444444444445
phase2_cartpole_controlled_ablation__A_E50__seed42,A_E50,42,101,24,1800,time_limit,True,0.0,0.0,0.3315659165382385,1.6245404498433036,29.983333333333334,1.7759286165237427,0.0001843056790095823,0.0904058837890625,0.018234585656060114,0.9117086452907986,0.010473445484587627,0.014681473390624434,0.9994444444444445
phase2_cartpole_controlled_ablation__A_E50__seed123,A_E50,123,101,0,1800,time_limit,True,0.0033333333333333335,0.03333333333333333,2.5104286670684814,0.4533658962148503,29.283333333333335,1.654143214225769,0.001395457847175365,0.09646324157714843,0.020970933702256944,1.0485511610243055,0.050021357743155574,0.26076014945414594,0.9916666666666667
phase2_cartpole_controlled_ablation__A_E50__seed123,A_E50,123,101,1,1800,time_limit,True,0.0005555555555555556,0.06666666666666667,2.885685443878174,0.36070743658004195,28.2,1.0608316659927368,0.0016040497186649103,0.10734687805175781,0.02350489722357856,1.1752433268229168,0.05131234261677962,0.1557827962434929,0.9783333333333334
phase2_cartpole_controlled_ablation__A_E50__seed123,A_E50,123,101,2,1800,time_limit,True,0.0,0.03333333333333333,0.6017998456954956,0.28703651109143635,29.983333333333334,0.5302290320396423,0.00033451909154835773,0.04664381239149305,0.009758394029405383,0.48791042751736113,0.02546952728146329,0.03524097735077434,0.9994444444444445
phase2_cartpole_controlled_ablation__A_E50__seed123,A_E50,123,101,3,1800,time_limit,True,0.0011111111111111111,0.06666666666666667,3.9125096797943115,0.4045097441817945,27.95,1.4816974401474,0.0021748247247328025,0.14169326782226563,0.030572348700629342,1.5286124674479167,0.07060419682104105,0.19374381981840785,0.9555555555555556
phase2_cartpole_controlled_ablation__A_E50__seed123,A_E50,123,101,4,1800,time_limit,True,0.0005555555555555556,0.03333333333333333,1.725139856338501,0.325538319842825,29.916666666666668,0.8811220526695251,0.000958943777842413,0.04926427629258898,0.01081180042690701,0.5406041802300348,0.029469774724844824,0.092971422742933,0.9972222222222222
phase2_cartpole_controlled_ablation__A_E50__seed123,A_E50,123,101,5,1800,time_limit,False,0.0016666666666666668,0.06666666666666667,3.9934706687927246,0.430134040384486,27.733333333333334,1.6600558757781982,0.002219828053803627,0.15825759887695312,0.03520563761393229,1.760278591579861,0.07930957878256929,0.27800322306203146,0.9488888888888889
phase2_cartpole_controlled_ablation__A_E50__seed123,A_E50,123,101,6,1800,time_limit,True,0.0005555555555555556,0.03333333333333333,1.4114482402801514,0.32367331180370745,29.783333333333335,0.9946373701095581,0.0007845737855920797,0.07664314270019532,0.016425691180759008,0.8212634955512153,0.040559572531859225,0.11857888904999558,0.9927777777777778
phase2_cartpole_controlled_ablation__A_E50__seed123,A_E50,123,101,7,1800,time_limit,True,0.0005555555555555556,0.06666666666666667,2.5139312744140625,0.3357400855264335,28.866666666666667,0.8747555613517761,0.0013974048217977,0.11283543904622396,0.025021294487847224,1.2510640462239584,0.06008459670616394,0.2105644588327134,0.9761111111111112
phase2_cartpole_controlled_ablation__A_E50__seed123,A_E50,123,101,8,1800,time_limit,True,0.0005555555555555556,0.03333333333333333,1.7765074968338013,0.38640441244171514,29.983333333333334,1.297275185585022,0.0009874972189181774,0.05523117065429688,0.011791951921251084,0.5895983208550347,0.026938525682646215,0.07935114998665517,0.9994444444444445
phase2_cartpole_controlled_ablation__A_E50__seed123,A_E50,123,101,9,1800,time_limit,True,0.0,0.0,0.42291414737701416,0.2803704266828291,29.983333333333334,0.9952667951583862,0.000235082905712626,0.008659246232774523,0.001915758318371243,0.09578767564561631,0.018493476422000863,0.02172055445065854,0.9994444444444445
phase2_cartpole_controlled_ablation__A_E50__seed123,A_E50,123,101,10,1800,time_limit,True,0.0005555555555555556,0.06666666666666667,2.135202407836914,0.2948287886576051,29.983333333333334,0.634691059589386,0.0011868829393201301,0.06652348412407769,0.014221587710910373,0.7110696750217014,0.03307380775192391,0.07885301260731481,0.9994444444444445
phase2_cartpole_controlled_ablation__A_E50__seed123,A_E50,123,101,11,1800,time_limit,True,0.0,0.06666666666666667,1.499243974685669,0.31141700087629665,29.983333333333334,0.7402114272117615,0.000833376306106542,0.07217373318142362,0.01569133758544922,0.784560546875,0.03506413955768781,0.07240549292946294,0.9994444444444445
phase2_cartpole_controlled_ablation__A_E50__seed123,A_E50,123,101,12,1800,time_limit,True,0.0044444444444444444,0.03333333333333333,2.5183238983154297,0.4049065074621008,28.95,1.454237937927246,0.0013998465249113006,0.11012920803493924,0.022998871273464627,1.1499385579427084,0.0594716451134739,0.2687189128550065,0.9716666666666667
phase2_cartpole_controlled_ablation__A_E50__seed123,A_E50,123,101,13,1800,time_limit,True,0.0016666666666666668,0.06666666666666667,4.093944549560547,0.38790830478198945,27.733333333333334,1.3454774618148804,0.002275677904147052,0.16378814697265626,0.035799937778049046,1.7899964735243055,0.08070708926634888,0.2661597281236161,0.9505555555555556
phase2_cartpole_controlled_ablation__A_E50__seed123,A_E50,123,101,14,1800,time_limit,True,0.0033333333333333335,0.03333333333333333,1.8631579875946045,0.3475918347978906,29.066666666666666,1.0930520296096802,0.0010356631392966118,0.09197230021158855,0.020018028683132596,1.0009027777777777,0.052970326968124065,0.21639634900447707,0.9866666666666667
phase2_cartpole_controlled_ablation__A_E50__seed123,A_E50,123,101,15,1800,time_limit,True,0.0005555555555555556,0.06666666666666667,2.037593364715576,0.3074025582267688,29.416666666666668,0.8234710693359375,0.0011326255501476242,0.07295130411783854,0.015638710657755534,0.7819326443142361,0.04382277596785623,0.07433083085550543,0.9816666666666667
phase2_cartpole_controlled_ablation__A_E50__seed123,A_E50,123,101,16,1800,time_limit,False,0.002777777777777778,0.06666666666666667,4.4592604637146,0.44870809970428926,27.583333333333332,1.868355393409729,0.002478744004288271,0.1924986606174045,0.04214966244167752,2.1074849446614583,0.0936307586768618,0.3143684647076541,0.9411111111111111
phase2_cartpole_controlled_ablation__A_E50__seed123,A_E50,123,101,17,1800,time_limit,True,0.0005555555555555556,0.06666666666666667,2.2201247215270996,0.33730948137436545,29.35,0.8912930488586426,0.0012340882276415228,0.09451655069986979,0.020419620937771266,1.0209823269314235,0.051658097346107795,0.1039492308683954,0.9822222222222222
phase2_cartpole_controlled_ablation__A_E50__seed123,A_E50,123,101,18,1800,time_limit,True,0.0,0.06666666666666667,1.3125864267349243,0.29180564838811224,29.75,0.7728832960128784,0.0007296200259782793,0.07362572564019097,0.01610264990064833,0.8051260715060764,0.04455118012183527,0.13273754522978218,0.9916666666666667
phase2_cartpole_controlled_ablation__A_E50__seed123,A_E50,123,101,19,1800,time_limit,True,0.0,0.0,0.4698086082935333,0.29169356449168315,29.983333333333334,0.8479329347610474,0.0002611498656439874,0.01992982440524631,0.0033941804038153753,0.16970545450846355,0.013870318899472737,0.021510955089514703,0.9994444444444445
phase2_cartpole_controlled_ablation__A_E50__seed123,A_E50,123,101,20,1800,time_limit,True,0.0,0.03333333333333333,1.0842483043670654,0.313071295827578,29.75,0.8180379867553711,0.0006026949996481742,0.06515341016981337,0.014266075558132595,0.7132851155598958,0.03971392521907508,0.10603368343138377,0.9916666666666667
phase2_cartpole_controlled_ablation__A_E50__seed123,A_E50,123,101,21,1800,time_limit,True,0.0005555555555555556,0.03333333333333333,1.4111990928649902,0.3131629388549097,29.983333333333334,0.7860550880432129,0.0007844352934213397,0.0355200809902615,0.00765502134958903,0.3827556016710069,0.021083648837597398,0.04334010401429821,0.9994444444444445
phase2_cartpole_controlled_ablation__A_E50__seed123,A_E50,123,101,22,1800,time_limit,True,0.0011111111111111111,0.06666666666666667,3.8661482334136963,0.3834614194197074,27.866666666666667,1.2736303806304932,0.0021490540485901593,0.14299928453233507,0.030928007761637368,1.5463968912760417,0.06985021384432574,0.220868713615674,0.9572222222222222
phase2_cartpole_controlled_ablation__A_E50__seed123,A_E50,123,101,23,1800,time_limit,True,0.0033333333333333335,0.03333333333333333,2.3144211769104004,0.37420962080751546,29.183333333333334,1.2594996690750122,0.0012865042673209563,0.08961861504448784,0.019788761138916016,0.9894413248697916,0.050116955875619006,0.22876915875210976,0.99
phase2_cartpole_controlled_ablation__A_E50__seed123,A_E50,123,101,24,1800,time_limit,True,0.0,0.06666666666666667,1.5178627967834473,0.3416200435431016,29.983333333333334,1.0030015707015991,0.0008437258459051959,0.09563026428222657,0.020504686567518447,1.0252376980251736,0.04275081506587912,0.09730707976340243,0.9994444444444445
phase2_cartpole_controlled_ablation__A_E200__seed7,A_E200,7,101,0,1800,time_limit,True,0.0005555555555555556,0.03333333333333333,1.3897066116333008,0.3219885567158008,29.366666666666667,1.512250542640686,0.0007724883889012233,0.11335175408257378,0.0066502963172064885,1.3300564236111112,0.04993271008498544,0.40245057828673153,0.9816666666666667
phase2_cartpole_controlled_ablation__A_E200__seed7,A_E200,7,101,1,1800,time_limit,True,0.0,0.0,1.0226593017578125,0.2185745552948255,29.983333333333334,1.0733219385147095,0.0005684598675696567,0.053452106051974826,0.003126711845397949,0.6253394232855902,0.019935669621309098,0.14631647640565984,0.9994444444444445
phase2_cartpole_controlled_ablation__A_E200__seed7,A_E200,7,101,2,1800,time_limit,True,0.0,0.0,0.040286749601364136,0.08094602274034177,29.983333333333334,0.36911505460739136,2.2393968650007858e-05,0.017858119540744358,0.0009144432014889187,0.1828878953721788,0.01850296306508107,0.006332237885084607,0.9994444444444445
phase2_cartpole_controlled_ablation__A_E200__seed7,A_E200,7,101,3,1800,time_limit,True,0.0,0.0,0.7732445597648621,0.19834556819673485,30.0,0.9876507520675659,0.00042981909936901726,0.04756675720214844,0.002762543890211317,0.5525096299913195,0.012400207602564444,0.10621648521661237,1.0
phase2_cartpole_controlled_ablation__A_E200__seed7,A_E200,7,101,4,1800,time_limit,True,0.0,0.03333333333333333,0.9528139233589172,0.13948009715720713,29.966666666666665,0.6203850507736206,0.0005296353103718273,0.036184823777940536,0.002217924065060086,0.44358462863498266,0.021104015787883852,0.15606460762561314,0.9988888888888889
phase2_cartpole_controlled_ablation__A_E200__seed7,A_E200,7,101,5,1800,time_limit,True,0.0005555555555555556,0.0,2.0023033618927,0.3823787357917808,29.583333333333332,1.6687248945236206,0.001113009094993163,0.09965949164496528,0.005528181393941243,1.1056434461805555,0.040850257739703105,0.31616051360668174,0.9911111111111112
phase2_cartpole_controlled_ablation__A_E200__seed7,A_E200,7,101,6,1800,time_limit,True,0.0,0.0,0.9831677675247192,0.0847682220014279,29.95,0.9946373701095581,0.0005465079308086266,0.03281225628323025,0.0018253959549797906,0.36507853190104167,0.01671728751657775,0.19088384012678883,0.9983333333333333
phase2_cartpole_controlled_ablation__A_E200__seed7,A_E200,7,101,7,1800,time_limit,True,0.0005555555555555556,0.0,1.8785338401794434,0.24944562693171413,29.916666666666668,1.043927788734436,0.0010442100278929647,0.07912829928927952,0.004159476757049561,0.8318930392795139,0.03203557923376531,0.2889337439641659,0.9972222222222222
phase2_cartpole_controlled_ablation__A_E200__seed7,A_E200,7,101,8,1800,time_limit,True,0.0,0.03333333333333333,0.8442696332931519,0.21739930726952542,29.983333333333334,1.1429988145828247,0.00046929940705567086,0.06088293287489149,0.0035692787170410155,0.713858167860243,0.023359247190989828,0.13072251990697314,0.9994444444444445
phase2_cartpole_controlled_ablation__A_E200__seed7,A_E200,7,101,9,1800,time_limit,True,0.0,0.0,0.5370370745658875,0.09491971488347176,29.983333333333334,0.9952667951583862,0.00029851977463362284,0.01900124020046658,0.0011648329099019368,0.23296903822157117,0.016434204667303106,0.06638980636955844,0.9994444444444445
phase2_cartpole_controlled_ablation__A_E200__seed7,A_E200,7,101,10,1800,time_limit,True,0.0,0.0,0.22022996842861176,0.04613260904903055,29.983333333333334,0.11121988296508789,0.00012241799245614883,0.0048844602372911244,0.0003183939390712314,0.0636787329779731,0.007162361954987396,0.026337881874438508,0.9994444444444445
phase2_cartpole_controlled_ablation__A_E200__seed7,A_E200,7,101,11,1800,time_limit,True,0.0,0.0,0.27244606614112854,0.14261499029917907,29.983333333333334,0.7402114272117615,0.00015144306066766457,0.03267240948147244,0.0018136323822869195,0.3627258978949653,0.01979590253508065,0.033132770274755356,0.9994444444444445
phase2_cartpole_controlled_ablation__A_E200__seed7,A_E200,7,101,12,1800,time_limit,True,0.0,0.0,1.1743184328079224,0.16816277074570007,29.9,0.9664056301116943,0.0006527617747681614,0.06523975796169705,0.0035808388392130535,0.7161648898654513,0.035813455686897526,0.30027288106085426,0.9966666666666667
phase2_cartpole_controlled_ablation__A_E200__seed7,A_E200,7,101,13,1800,time_limit,True,0.0005555555555555556,0.0,1.7706797122955322,0.20075691890445516,29.916666666666668,0.8259259462356567,0.0009842577611425972,0.06807911766899957,0.0035663080215454102,0.7132591417100694,0.0285727510780082,0.2693461585185947,0.9972222222222222
phase2_cartpole_controlled_ablation__A_E200__seed7,A_E200,7,101,14,1800,time_limit,True,0.0,0.0,1.1764183044433594,0.17586958259939658,29.9,0.7272861003875732,0.0006539290185899718,0.07246380276150173,0.003932492997911242,0.7864955647786458,0.03516307058222863,0.3202475480386065,0.9966666666666667
phase2_cartpole_controlled_ablation__A_E200__seed7,A_E200,7,101,15,1800,time_limit,True,0.0,0.0,0.6384161710739136,0.05653741897523599,30.0,0.8234710693359375,0.00035487280215337053,0.013555964363945855,0.0007748802502950033,0.1549750264485677,0.007136335522596234,0.0897599364683214,1.0
phase2_cartpole_controlled_ablation__A_E200__seed7,A_E200,7,101,16,1800,time_limit,True,0.0005555555555555556,0.0,2.032162666320801,0.3232405418617895,29.9,1.3699055910110474,0.001129606818410673,0.09768502129448785,0.0051448509428236215,1.0289775933159722,0.04031032073367532,0.3178355544888986,0.9966666666666667
phase2_cartpole_controlled_ablation__A_E200__seed7,A_E200,7,101,17,1800,time_limit,True,0.0,0.0,0.28102555871009827,0.12026021242296474,29.983333333333334,0.6835910081863403,0.00015621209489166107,0.03080263985527886,0.001579027573267619,0.3158047485351563,0.016172692815196316,0.04327641398514988,0.9994444444444445
phase2_cartpole_controlled_ablation__A_E200__seed7,A_E200,7,101,18,1800,time_limit,True,0.0005555555555555556,0.0,1.3727701902389526,0.09473057829045103,29.916666666666668,0.7439635396003723,0.0007630740357081449,0.04817789713541667,0.002504593266381158,0.5009205796983507,0.024091431040641362,0.20777134691011281,0.9972222222222222
phase2_cartpole_controlled_ablation__A_E200__seed7,A_E200,7,101,19,1800,time_limit,True,0.0,0.0,0.6940442323684692,0.1769947443754749,29.983333333333334,0.9063360095024109,0.0003857944593487878,0.04594581180148655,0.0026835139592488607,0.5367010498046875,0.014359109983326615,0.09387540553660474,0.9994444444444445
phase2_cartpole_controlled_ablation__A_E200__seed7,A_E200,7,101,20,1800,time_limit,True,0.0,0.0,1.0165412425994873,0.09354062754528948,29.933333333333334,0.3399701714515686,0.0005650590564755349,0.03293081495496962,0.0018775596883561876,0.3755105251736111,0.019228924037164464,0.1947294465649289,0.9977777777777778
phase2_cartpole_controlled_ablation__A_E200__seed7,A_E200,7,101,21,1800,time_limit,True,0.0,0.0,0.45300066471099854,0.12321240897775412,29.983333333333334,0.6037865281105042,0.00025180692868871516,0.028156007130940755,0.0016498721970452203,0.32997334798177086,0.01581809783211476,0.051182346712352424,0.9994444444444445
phase2_cartpole_controlled_ablation__A_E200__seed7,A_E200,7,101,22,1800,time_limit,True,0.0005555555555555556,0.0,1.401036024093628,0.17398136922935584,29.95,0.7475900053977966,0.0007787860056106881,0.04699231889512804,0.002613957722981771,0.5227954779730902,0.018459878261257046,0.1978594566779579,0.9983333333333333
phase2_cartpole_controlled_ablation__A_E200__seed7,A_E200,7,101,23,1800,time_limit,True,0.0005555555555555556,0.03333333333333333,1.2263741493225098,0.2187705378503623,29.9,0.9504091739654541,0.0006816976927862756,0.07907508850097657,0.004412546157836914,0.8825092230902778,0.036890157396906764,0.3344629221642152,0.9966666666666667
phase2_cartpole_controlled_ablation__A_E200__seed7,A_E200,7,101,24,1800,time_limit,True,0.0,0.0,0.19156721234321594,0.1939419359705239,29.983333333333334,1.0177315473556519,0.00010648538762824677,0.044929839240180125,0.002394618723127577,0.47892432318793404,0.01395835518242184,0.024993540671143084,0.9994444444444445
phase2_cartpole_controlled_ablation__A_E200__seed42,A_E200,42,101,0,1800,time_limit,True,0.0005555555555555556,0.03333333333333333,1.2424395084381104,0.3983749014687367,29.416666666666668,1.4021587371826172,0.0006906278534953364,0.09007007175021702,0.00549756473965115,1.0995132107204861,0.04890067580973266,0.3910508312627572,0.9838888888888889
phase2_cartpole_controlled_ablation__A_E200__seed42,A_E200,42,101,1,1800,time_limit,True,0.0,0.0,0.4945848286151886,0.3972094364079582,29.983333333333334,0.9898409247398376,0.0002749220837216168,0.02536490758260091,0.0014509579870435926,0.2901979234483507,0.0170958318967088,0.10062988901206928,0.9994444444444445
phase2_cartpole_controlled_ablation__A_E200__seed42,A_E200,42,101,2,1800,time_limit,True,0.0,0.0,0.3834032416343689,0.33917884998480996,29.983333333333334,0.3568601906299591,0.0002131202010196603,0.011042950948079427,0.0005991317828496298,0.11982650756835937,0.020161493721657205,0.05280063814458312,0.9994444444444445
phase2_cartpole_controlled_ablation__A_E200__seed42,A_E200,42,101,3,1800,time_limit,True,0.0,0.03333333333333333,1.110369324684143,0.4297737247767289,29.583333333333332,1.3139548301696777,0.0006172147441268166,0.04667270236545139,0.0028063270780775283,0.5612925550672743,0.03109847100571937,0.1909267462327609,0.99
phase2_cartpole_controlled_ablation__A_E200__seed42,A_E200,42,101,4,1800,time_limit,True,0.0,0.0,0.9104712009429932,0.340304691694901,29.966666666666665,0.6623690724372864,0.0005060984996903798,0.04371270921495226,0.002559090190463596,0.511837395562066,0.024754606002455905,0.1776547058927082,0.9988888888888889
phase2_cartpole_controlled_ablation__A_E200__seed42,A_E200,42,101,5,1800,time_limit,True,0.0005555555555555556,0.0,1.2195820808410645,0.44868144194943743,29.516666666666666,1.4584901332855225,0.0006779222239249942,0.05932927449544271,0.0037507263819376627,0.7501446533203125,0.03893979105596787,0.3211328998757298,0.9888888888888889
phase2_cartpole_controlled_ablation__A_E200__seed42,A_E200,42,101,6,1800,time_limit,True,0.0,0.0,0.9418754577636719,0.3306173172498603,29.95,0.9946373701095581,0.0005235550070948705,0.03522926966349284,0.0020206673940022786,0.40413892957899306,0.023455146927734895,0.21367885741689058,0.9983333333333333
phase2_cartpole_controlled_ablation__A_E200__seed42,A_E200,42,101,7,1800,time_limit,True,0.0,0.0,0.7431252002716064,0.3586700749761217,29.9,0.8367069959640503,0.0004130768206067851,0.023390358818901908,0.0014538880189259847,0.2907782999674479,0.026801999278405608,0.2445279653028635,0.9966666666666667
phase2_cartpole_controlled_ablation__A_E200__seed42,A_E200,42,101,8,1800,time_limit,True,0.0,0.03333333333333333,0.9535640478134155,0.3827926803613646,29.683333333333334,1.2534945011138916,0.0005300522778284689,0.061610018412272136,0.0035697934362623426,0.7139476182725695,0.028833456858699265,0.17461138370201482,0.9955555555555555
phase2_cartpole_controlled_ablation__A_E200__seed42,A_E200,42,101,9,1800,time_limit,True,0.0,0.0,0.2073841542005539,0.3317585302573937,29.983333333333334,0.9952667951583862,0.00011527746203477149,0.022049420674641926,0.001201536390516493,0.24030414157443578,0.016246140033826902,0.050677948565674945,0.9994444444444445
phase2_cartpole_controlled_ablation__A_E200__seed42,A_E200,42,101,10,1800,time_limit,True,0.0,0.0,0.44866207242012024,0.3425709117486194,29.983333333333334,0.3470195531845093,0.00024939525982219026,0.011315347883436414,0.0004525381326675415,0.09051032172309027,0.013008714758530777,0.06747443464614823,0.9994444444444445
phase2_cartpole_controlled_ablation__A_E200__seed42,A_E200,42,101,11,1800,time_limit,True,0.0,0.0,0.1389933079481125,0.3584252646162274,29.983333333333334,0.7402114272117615,7.726142743085741e-05,0.010672986772325303,0.0004424334896935357,0.08849147372775608,0.019020716172045857,0.021954940624281775,0.9994444444444445
phase2_cartpole_controlled_ablation__A_E200__seed42,A_E200,42,101,12,1800,time_limit,True,0.0005555555555555556,0.03333333333333333,1.4401838779449463,0.3534861650363,29.35,0.9664056301116943,0.000800546902693133,0.08361302693684895,0.005052402814229329,1.010481703016493,0.056704407073242986,0.3845077437056607,0.9811111111111112
phase2_cartpole_controlled_ablation__A_E200__seed42,A_E200,42,101,13,1800,time_limit,True,0.0005555555555555556,0.03333333333333333,1.6339881420135498,0.37999969750107887,29.5,0.835712730884552,0.0009082757876673429,0.04795290629069011,0.003432063791486952,0.6863980441623264,0.040997077744711966,0.3665364236419463,0.9861111111111112
phase2_cartpole_controlled_ablation__A_E200__seed42,A_E200,42,101,14,1800,time_limit,True,0.0005555555555555556,0.0,1.1246997117996216,0.3332252835946518,29.416666666666668,0.4966469407081604,0.000625180495719634,0.06038431803385417,0.0036340636677212185,0.7267929416232639,0.04232329189926931,0.32976683937067464,0.985
phase2_cartpole_controlled_ablation__A_E200__seed42,A_E200,42,101,15,1800,time_limit,True,0.0,0.0,0.22440871596336365,0.34952671809586877,30.0,0.8234710693359375,0.00012474080931815655,0.006716195212470161,0.00033183981974919637,0.06636903974745009,0.02050342331192366,0.04226945992474845,1.0
phase2_cartpole_controlled_ablation__A_E200__seed42,A_E200,42,101,16,1800,time_limit,True,0.0005555555555555556,0.03333333333333333,2.114203929901123,0.417876214769668,29.466666666666665,1.3498340845108032,0.0011752106336304186,0.07165725708007813,0.0051574436823527015,1.0314894612630208,0.052759333226288056,0.4582222543842425,0.9844444444444445
phase2_cartpole_controlled_ablation__A_E200__seed42,A_E200,42,101,17,1800,time_limit,True,0.0,0.0,0.1644706130027771,0.3743549705133153,29.983333333333334,0.7563823461532593,9.142335353128244e-05,0.015603937572903103,0.0008610649903615315,0.1722116936577691,0.02064767445279247,0.03661972111142803,0.9994444444444445
phase2_cartpole_controlled_ablation__A_E200__seed42,A_E200,42,101,18,1800,time_limit,True,0.0,0.0,0.4456411898136139,0.33519685544218486,29.866666666666667,0.7658763527870178,0.0002477160588180177,0.036758588155110676,0.0018947321838802761,0.3789516194661458,0.027058270668918243,0.15708333549195955,0.9955555555555555
phase2_cartpole_controlled_ablation__A_E200__seed42,A_E200,42,101,19,1800,time_limit,True,0.0,0.0,0.05903273820877075,0.34027539587592864,29.983333333333334,0.8479329347610474,3.2814195780306146e-05,0.03691059960259332,0.0016940367221832276,0.33881150987413194,0.011432971485174784,0.032352755813639944,0.9994444444444445
phase2_cartpole_controlled_ablation__A_E200__seed42,A_E200,42,101,20,1800,time_limit,True,0.0,0.0,0.7790284156799316,0.32997857894474225,29.916666666666668,0.3470195233821869,0.0004330341387881777,0.028501945071750218,0.001671779818005032,0.33436082628038194,0.021125990949082418,0.18498577097566257,0.9972222222222222
phase2_cartpole_controlled_ablation__A_E200__seed42,A_E200,42,101,21,1800,time_limit,True,0.0,0.0,0.7606754302978516,0.34383750957616077,29.983333333333334,0.7412554025650024,0.0004228323681477774,0.042012774149576826,0.002451594935523139,0.4903321329752604,0.023337199027140036,0.11341738183559612,0.9994444444444445
phase2_cartpole_controlled_ablation__A_E200__seed42,A_E200,42,101,22,1800,time_limit,True,0.0005555555555555556,0.03333333333333333,1.2509567737579346,0.39635450886976026,29.566666666666666,0.9876993894577026,0.0006953622978087462,0.042413448757595486,0.002649685541788737,0.5299665323893229,0.030686183544684387,0.26055598486905857,0.99
phase2_cartpole_controlled_ablation__A_E200__seed42,A_E200,42,101,23,1800,time_limit,True,0.0005555555555555556,0.0,1.189537525177002,0.3486279433308434,29.416666666666668,0.8349972367286682,0.0006612215259460823,0.07007599300808377,0.004311829408009847,0.8623609076605903,0.043412076674498756,0.3456516386055834,0.985
phase2_cartpole_controlled_ablation__A_E200__seed42,A_E200,42,101,24,1800,time_limit,True,0.0,0.0,0.2423516809940338,0.3782205368145891,29.983333333333334,0.9906830787658691,0.0001347146642546047,0.021349889967176648,0.0010202391942342123,0.2040444607204861,0.010092752800423974,0.025303913957445853,0.9994444444444445
phase2_cartpole_controlled_ablation__A_E200__seed123,A_E200,123,101,0,1800,time_limit,True,0.0005555555555555556,0.0,1.1415050029754639,1.3794515417330118,29.883333333333333,1.5528576374053955,0.0006345219582965336,0.04483137766520182,0.0025598907470703123,0.5119810994466146,0.038837885713948646,0.28799354833275936,0.9961111111111111
phase2_cartpole_controlled_ablation__A_E200__seed123,A_E200,123,101,1,1800,time_limit,True,0.0,0.0,0.3536055088043213,1.0123460356939433,29.983333333333334,1.0391502380371094,0.00019655670305965609,0.007865902582804361,0.00048750407165951197,0.09750155131022135,0.017039855509475225,0.06686833793121048,0.9994444444444445
phase2_cartpole_controlled_ablation__A_E200__seed123,A_E200,123,101,2,1800,time_limit,True,0.0,0.0,0.41138169169425964,1.3318447195479837,29.983333333333334,1.450839877128601,0.0002286724245104278,0.062136904398600264,0.003221185737186008,0.6442546929253472,0.029334695775368437,0.059273911470511184,0.9994444444444445
phase2_cartpole_controlled_ablation__A_E200__seed123,A_E200,123,101,3,1800,time_limit,True,0.0,0.0,0.7879771590232849,1.0255651719825059,30.0,1.4779908657073975,0.00043800842636091433,0.05270727369520399,0.0027230964766608344,0.544620836046007,0.027659714189083914,0.10122120430754748,1.0
phase2_cartpole_controlled_ablation__A_E200__seed123,A_E200,123,101,4,1800,time_limit,True,0.0,0.0,0.5172831416130066,1.3651818622172958,29.933333333333334,1.4413026571273804,0.0002875392671556457,0.03864273071289062,0.002101198567284478,0.42023807101779515,0.03073842399511129,0.07742131001727927,0.9977777777777778
phase2_cartpole_controlled_ablation__A_E200__seed123,A_E200,123,101,5,1800,time_limit,True,0.0005555555555555556,0.0,1.209385633468628,1.026042360670239,29.866666666666667,1.534002423286438,0.0006722543821393152,0.06161322699652778,0.0035378903812832304,0.7075764973958333,0.039775812076207194,0.2406321162593099,0.9955555555555555
phase2_cartpole_controlled_ablation__A_E200__seed123,A_E200,123,101,6,1800,time_limit,True,0.0005555555555555556,0.06666666666666667,1.3877830505371094,1.3524944603180349,29.95,1.4525569677352905,0.0007714191498260752,0.06405879126654732,0.0036016988754272463,0.7203593614366319,0.026380200098908204,0.19464326533225743,0.9983333333333333
phase2_cartpole_controlled_ablation__A_E200__seed123,A_E200,123,101,7,1800,time_limit,True,0.0005555555555555556,0.03333333333333333,1.3720345497131348,0.9998097217516948,29.916666666666668,1.130624532699585,0.0007626651193513811,0.045110918680826825,0.002735847896999783,0.5471699015299479,0.023730753411572835,0.2545185842134424,0.9972222222222222
phase2_cartpole_controlled_ablation__A_E200__seed123,A_E200,123,101,8,1800,time_limit,True,0.0,0.0,0.25896042585372925,1.3767411738470035,29.983333333333334,1.4212673902511597,0.00014394687373748153,0.016623564826117623,0.0008696716361575657,0.17392857869466147,0.020243555422311647,0.054757913943604165,0.9994444444444445
phase2_cartpole_controlled_ablation__A_E200__seed123,A_E200,123,101,9,1800,time_limit,True,0.0,0.03333333333333333,0.3676311671733856,1.3518398479081615,29.983333333333334,1.4459980726242065,0.00020435306680010318,0.044588131374782985,0.002521449195014106,0.5042821587456597,0.03285764988843025,0.05465159615135066,0.9994444444444445
phase2_cartpole_controlled_ablation__A_E200__seed123,A_E200,123,101,10,1800,time_limit,True,0.0,0.0,0.5374182462692261,0.9804866642896406,29.983333333333334,1.1224600076675415,0.0002987316544020156,0.04421438429090712,0.00222754160563151,0.4455076768663194,0.01281815202614962,0.06265359866059911,0.9994444444444445
phase2_cartpole_controlled_ablation__A_E200__seed123,A_E200,123,101,11,1800,time_limit,True,0.0,0.0,0.28300943970680237,0.9854995918464472,29.983333333333334,1.1160736083984375,0.00015731486365025144,0.033196167416042754,0.0016743436124589707,0.3348673841688368,0.021454929248461325,0.03321744323373953,0.9994444444444445
phase2_cartpole_controlled_ablation__A_E200__seed123,A_E200,123,101,12,1800,time_limit,True,0.0011111111111111111,0.0,1.7212483882904053,1.3725574600430364,29.116666666666667,1.5096652507781982,0.0009567806494110091,0.06700299157036675,0.0034957424799601238,0.6991465928819445,0.045763248264818014,0.29421476927220924,0.9833333333333333
phase2_cartpole_controlled_ablation__A_E200__seed123,A_E200,123,101,13,1800,time_limit,True,0.0005555555555555556,0.0,1.7740178108215332,1.0202858797254755,29.916666666666668,1.4535084962844849,0.000986113291173726,0.08264161003960503,0.004353769355350071,0.8707590060763889,0.037073729053588016,0.2726062047403832,0.9972222222222222
phase2_cartpole_controlled_ablation__A_E200__seed123,A_E200,123,101,14,1800,time_limit,True,0.0011111111111111111,0.06666666666666667,2.0312962532043457,1.3636673432501325,29.916666666666668,1.4622509479522705,0.00112912521023032,0.0675973637898763,0.004130649301740858,0.8261385091145833,0.033678412396562545,0.30121316391749464,0.9972222222222222
phase2_cartpole_controlled_ablation__A_E200__seed123,A_E200,123,101,15,1800,time_limit,True,0.0,0.0,0.25541695952415466,1.000283502022503,30.0,1.1536613702774048,0.0001419771870617869,0.039990213182237416,0.0020717566543155246,0.41435309516059027,0.014495917997143141,0.0626130988106297,1.0
phase2_cartpole_controlled_ablation__A_E200__seed123,A_E200,123,101,16,1800,time_limit,True,0.0005555555555555556,0.03333333333333333,1.752699375152588,1.0345223753688892,29.016666666666666,1.794409155845642,0.000974263132380538,0.10644860161675347,0.005700507693820529,1.1401152886284722,0.05445140435157603,0.3006431749277578,0.9755555555555555
phase2_cartpole_controlled_ablation__A_E200__seed123,A_E200,123,101,17,1800,time_limit,True,0.0,0.0,0.3306684195995331,1.0096694375125332,29.983333333333334,1.1262294054031372,0.00018380679243998503,0.023441590203179253,0.0013738865322536892,0.274779052734375,0.016618379539877208,0.06045240025115878,0.9994444444444445
phase2_cartpole_controlled_ablation__A_E200__seed123,A_E200,123,101,18,1800,time_limit,True,0.0005555555555555556,0.03333333333333333,1.21311616897583,1.3549292724468438,29.916666666666668,1.4432551860809326,0.0006743280539054086,0.05345077514648437,0.003244009812672933,0.64880126953125,0.03523330720691801,0.24715181221957516,0.9972222222222222
phase2_cartpole_controlled_ablation__A_E200__seed123,A_E200,123,101,19,1800,time_limit,True,0.0,0.03333333333333333,0.6974626183509827,1.3613971131192306,29.616666666666667,1.434285283088684,0.0003876946183162772,0.03810647752549913,0.0022312045097351075,0.4462344360351562,0.03441779045382355,0.09149398722808635,0.9894444444444445
phase2_cartpole_controlled_ablation__A_E200__seed123,A_E200,123,101,20,1800,time_limit,True,0.0,0.06666666666666667,1.187739372253418,1.348244260809426,29.933333333333334,1.4500325918197632,0.0006602219968056798,0.05856327904595269,0.0034523148006863065,0.6904688856336806,0.029692688427222377,0.17400343989727013,0.9977777777777778
phase2_cartpole_controlled_ablation__A_E200__seed123,A_E200,123,101,21,1800,time_limit,True,0.0,0.03333333333333333,0.23884886503219604,1.3675089899790829,29.983333333333334,1.4382860660552979,0.00013276757366992553,0.032209964328342014,0.0017881372239854601,0.3576290554470486,0.024447007394099187,0.062000621426793946,0.9994444444444445
phase2_cartpole_controlled_ablation__A_E200__seed123,A_E200,123,101,22,1800,time_limit,True,0.0,0.0,1.0758936405181885,1.0199595005746551,29.933333333333334,1.372451663017273,0.0005980509396988263,0.05910241868760851,0.0030407653914557562,0.6081570095486111,0.028281269857962834,0.16415628648914832,0.9977777777777778
phase2_cartpole_controlled_ablation__A_E200__seed123,A_E200,123,101,23,1800,time_limit,True,0.0005555555555555556,0.06666666666666667,1.762817144393921,1.3689735357802453,29.9,1.4626359939575195,0.0009798872397965097,0.05530196719699436,0.0034012203746371797,0.6802503797743056,0.03409822377488281,0.266050357701538,0.9966666666666667
phase2_cartpole_controlled_ablation__A_E200__seed123,A_E200,123,101,24,1800,time_limit,True,0.0,0.0,0.4453219771385193,1.0020884766846523,29.983333333333334,1.091232419013977,0.0002475386198657695,0.026511749691433377,0.0013653545909457737,0.27307142469618056,0.014317746818845074,0.046853246939613305,0.9994444444444445
phase2_cartpole_controlled_ablation__T_B15__seed7,T_B15,7,101,0,1800,time_limit,True,0.0005555555555555556,0.03333333333333333,2.6339526176452637,0.8401056197032278,29.45,1.4961659908294678,0.0014641204100307192,0.11209765116373697,0.01393731329176161,1.3937322319878471,0.0630095984162528,0.38927124360957555,0.985
phase2_cartpole_controlled_ablation__T_B15__seed7,T_B15,7,101,1,1800,time_limit,True,0.0,0.0,0.8409234881401062,0.840823878980854,30.0,1.0744848251342773,0.00046743940419127636,0.015131331549750434,0.0020000616709391276,0.20000008477105036,0.010176364428827758,0.11723250817543673,1.0
phase2_cartpole_controlled_ablation__T_B15__seed7,T_B15,7,101,2,1800,time_limit,True,0.0,0.03333333333333333,0.32031306624412537,0.8124611869735943,29.983333333333334,0.8297243118286133,0.0001780506204803365,0.018734667036268447,0.0019570247332255045,0.19569771660698784,0.014511204204561728,0.043893762564702204,0.9994444444444445
phase2_cartpole_controlled_ablation__T_B15__seed7,T_B15,7,101,3,1800,time_limit,True,0.0,0.0,0.5460107326507568,0.83600235827051,30.0,0.9753749370574951,0.0003035079114234335,0.009157257080078125,0.0011655428674485948,0.11655268351236979,0.006942359028390306,0.07188519391733515,1.0
phase2_cartpole_controlled_ablation__T_B15__seed7,T_B15,7,101,4,1800,time_limit,True,0.0,0.03333333333333333,1.0612797737121582,0.8093401429645566,28.433333333333334,0.8573945164680481,0.0005899276118466693,0.07197374979654948,0.0074259710311889646,0.7425847032335069,0.03998145945330506,0.13877393330920565,0.9916666666666667
phase2_cartpole_controlled_ablation__T_B15__seed7,T_B15,7,101,5,60,out_of_bounds,False,0.15,2.0,11.16915512084961,1.4842541240531826,0.3,2.7045416831970215,0.18930771391270523,2.0521376291910807,0.7363913218180339,73.6391357421875,0.8229986093663101,3.0001612302052307,0.3
phase2_cartpole_controlled_ablation__T_B15__seed7,T_B15,7,101,6,1800,time_limit,True,0.0,0.03333333333333333,1.631974458694458,0.8181511705611775,29.9,1.2453551292419434,0.0009071564528596209,0.12185620625813802,0.012734119627210829,1.2734120008680556,0.05199207958398439,0.16520802854210798,0.9966666666666667
phase2_cartpole_controlled_ablation__T_B15__seed7,T_B15,7,101,7,1800,time_limit,True,0.0005555555555555556,0.03333333333333333,1.7683359384536743,0.82924792021008,29.533333333333335,0.9693061113357544,0.000982954940774694,0.031196541256374784,0.0042840382787916395,0.4284132893880208,0.03602105530728719,0.2902828996886847,0.99
phase2_cartpole_controlled_ablation__T_B15__seed7,T_B15,7,101,8,1800,time_limit,True,0.0,0.03333333333333333,1.1158604621887207,0.823079410990747,29.133333333333333,1.1691415309906006,0.0006202670718114067,0.07179233974880643,0.007846796247694228,0.7846571858723959,0.043628539161952924,0.15199000312322447,0.9966666666666667
phase2_cartpole_controlled_ablation__T_B15__seed7,T_B15,7,101,9,1800,time_limit,True,0.0,0.03333333333333333,0.600943386554718,0.799419107407494,29.983333333333334,0.8297242522239685,0.0003340430164284147,0.04836117214626736,0.004955050150553386,0.4955373128255208,0.0312520079497453,0.08887894660925208,0.9994444444444445
phase2_cartpole_controlled_ablation__T_B15__seed7,T_B15,7,101,10,1800,time_limit,True,0.0,0.0,0.23552051186561584,0.8085868726223899,29.983333333333334,0.8297242522239685,0.00013091746073686262,0.027449559105767143,0.002788337866465251,0.2788321261935764,0.02158258052873012,0.048106167123467734,0.9994444444444445
phase2_cartpole_controlled_ablation__T_B15__seed7,T_B15,7,101,11,1800,time_limit,True,0.0,0.0,0.09959560632705688,0.8237935399364165,29.983333333333334,0.9555450677871704,5.5361648875518e-05,0.005989451938205295,0.0006397240691714816,0.06397271050347222,0.018671557797513484,0.0111467278201819,0.9994444444444445
phase2_cartpole_controlled_ablation__T_B15__seed7,T_B15,7,101,12,1800,time_limit,True,0.0005555555555555556,0.03333333333333333,1.936225414276123,0.8284317107597712,28.916666666666668,1.3102716207504272,0.0010762787183302518,0.1248868645562066,0.013132304085625542,1.3132306586371527,0.060136908081809465,0.22120383988616008,0.9888888888888889
phase2_cartpole_controlled_ablation__T_B15__seed7,T_B15,7,101,13,1800,time_limit,True,0.0005555555555555556,0.0,1.4841768741607666,0.8227826565461832,29.866666666666667,0.829724133014679,0.0008250010417791921,0.031918953789605034,0.003494110107421875,0.34942138671875,0.03679799756036161,0.23261910071281508,0.9955555555555555
phase2_cartpole_controlled_ablation__T_B15__seed7,T_B15,7,101,14,1800,time_limit,True,0.0011111111111111111,0.03333333333333333,2.004417896270752,0.8316051823804246,28.866666666666667,1.3474023342132568,0.0011141844893111461,0.13157654656304255,0.013878937827216255,1.3878949652777777,0.06038739821836204,0.23596547840169668,0.985
phase2_cartpole_controlled_ablation__T_B15__seed7,T_B15,7,101,15,1800,time_limit,True,0.0,0.03333333333333333,1.1206092834472656,0.8031592401774789,27.016666666666666,1.1273353099822998,0.0006229067723442277,0.10787818060980903,0.011214532852172852,1.1214524332682292,0.04560978878307348,0.12213332575002588,0.9944444444444445
phase2_cartpole_controlled_ablation__T_B15__seed7,T_B15,7,101,16,1800,time_limit,True,0.0011111111111111111,0.03333333333333333,2.450500965118408,0.8377307074309399,29.55,1.1697219610214233,0.0013621461729396377,0.044199757046169706,0.006842333475748698,0.6842163764105903,0.04486459812329098,0.39733686830454396,0.9877777777777778
phase2_cartpole_controlled_ablation__T_B15__seed7,T_B15,7,101,17,1800,time_limit,True,0.0,0.0,0.45102840662002563,0.8168846202836131,29.983333333333334,0.8319517970085144,0.00025071062068928606,0.014906964831882053,0.001569146580166287,0.15690768771701388,0.011784295342548552,0.05929049674671752,0.9994444444444445
phase2_cartpole_controlled_ablation__T_B15__seed7,T_B15,7,101,18,1800,time_limit,True,0.0,0.0,0.8344719409942627,0.81395844331221,29.716666666666665,0.8297243714332581,0.00046385321900737226,0.05254100799560547,0.005364042388068305,0.5364413452148438,0.04071202209169253,0.13338742748305357,0.9905555555555555
phase2_cartpole_controlled_ablation__T_B15__seed7,T_B15,7,101,19,1800,time_limit,True,0.0,0.03333333333333333,0.8779317736625671,0.8161891241709427,29.166666666666668,0.9470124840736389,0.00048801099147446756,0.06333873748779296,0.006630386246575249,0.663027818467882,0.03925865429702696,0.1298301514809821,0.9916666666666667
phase2_cartpole_controlled_ablation__T_B15__seed7,T_B15,7,101,20,1800,time_limit,True,0.0,0.03333333333333333,1.5728669166564941,0.8178225686527262,27.733333333333334,1.2117351293563843,0.0008743006762959945,0.11461311340332031,0.011951065063476563,1.1951060655381944,0.05089424538265932,0.16015604489527857,0.9955555555555555
phase2_cartpole_controlled_ablation__T_B15__seed7,T_B15,7,101,21,1800,time_limit,True,0.0,0.03333333333333333,0.6029723882675171,0.8090100998008993,30.0,0.8961076736450195,0.00033517086618539026,0.050934147304958766,0.00523203796810574,0.5232272677951388,0.03171529240546741,0.0986936328397788,1.0
phase2_cartpole_controlled_ablation__T_B15__seed7,T_B15,7,101,22,1800,time_limit,True,0.0,0.0,0.9973185062408447,0.8263166100729582,29.916666666666668,0.8297244906425476,0.0005543738222572789,0.01656881226433648,0.0017886430687374538,0.17886110093858507,0.020714542751278257,0.15256374201272727,0.9972222222222222
phase2_cartpole_controlled_ablation__T_B15__seed7,T_B15,7,101,23,1800,time_limit,True,0.0005555555555555556,0.03333333333333333,1.9303466081619263,0.8288175579579262,29.85,1.279367208480835,0.0010730108994785582,0.11463036431206597,0.012040108574761284,1.2040117730034723,0.05705194431668977,0.25582792261886156,0.995
phase2_cartpole_controlled_ablation__T_B15__seed7,T_B15,7,101,24,1800,time_limit,True,0.0,0.0,0.05854499340057373,0.8354436982586376,29.983333333333334,0.9983217120170593,3.254307582021886e-05,0.005691991382175022,0.0005651313728756375,0.056512506273057726,0.007875845321315442,0.012024128197323292,0.9994444444444445
phase2_cartpole_controlled_ablation__T_B15__seed42,T_B15,42,101,0,1800,time_limit,True,0.0011111111111111111,0.3333333333333333,6.128927707672119,0.5324478746352163,26.65,1.3185291290283203,0.003406852533447537,0.5121065945095487,0.0579912355211046,5.7991162109375,0.08877592922870128,0.45474661566237107,0.9766666666666667
phase2_cartpole_controlled_ablation__T_B15__seed42,T_B15,42,101,1,1800,time_limit,True,0.0,0.36666666666666664,3.3648321628570557,0.5262635058484396,29.45,1.0687425136566162,0.0018703903073135385,0.5092855156792535,0.05498544057210286,5.498542209201389,0.08300906032048214,0.22212332856238695,0.9922222222222222
phase2_cartpole_controlled_ablation__T_B15__seed42,T_B15,42,101,2,1800,time_limit,True,0.0,0.3333333333333333,2.6367290019989014,0.4452380999008268,29.983333333333334,0.7927113771438599,0.0014656637031678162,0.43535953097873265,0.04644616868760851,4.644616970486111,0.07306016154046319,0.14602540219917037,0.9994444444444445
phase2_cartpole_controlled_ablation__T_B15__seed42,T_B15,42,101,3,1800,time_limit,True,0.0,0.36666666666666664,3.9885363578796387,0.5593979435956528,23.833333333333332,1.3486595153808594,0.002217085246181011,0.5266374715169271,0.05747750176323785,5.747759331597222,0.09185022702056087,0.26561540174907333,0.9716666666666667
phase2_cartpole_controlled_ablation__T_B15__seed42,T_B15,42,101,4,1800,time_limit,True,0.0005555555555555556,0.3333333333333333,3.647103786468506,0.5014367209620006,29.95,0.8052862286567688,0.0020272950452854396,0.4739786105685764,0.050457755194769964,5.045782335069444,0.07805826346096065,0.18950666617078735,0.9983333333333333
phase2_cartpole_controlled_ablation__T_B15__seed42,T_B15,42,101,5,1800,time_limit,True,0.0005555555555555556,0.36666666666666664,5.61142110824585,0.5738414647729008,23.633333333333333,1.4239001274108887,0.0031191890540555028,0.5310949367947049,0.05909586588541667,5.909589301215278,0.09351905067916329,0.3873749999649865,0.9722222222222222
phase2_cartpole_controlled_ablation__T_B15__seed42,T_B15,42,101,6,1800,time_limit,True,0.0005555555555555556,0.3333333333333333,3.514071226119995,0.4894159038842387,29.9,0.9946373701095581,0.001953346985058363,0.490888671875,0.05223766326904297,5.223758138020833,0.07817913976951212,0.20872002889639232,0.9966666666666667
phase2_cartpole_controlled_ablation__T_B15__seed42,T_B15,42,101,7,1800,time_limit,True,0.0005555555555555556,0.36666666666666664,4.192909240722656,0.44981923181272915,29.866666666666667,0.8367069959640503,0.002330688849762455,0.46817237006293405,0.05032922108968099,5.032922092013889,0.0782431019216272,0.2527909197436049,0.9955555555555555
phase2_cartpole_controlled_ablation__T_B15__seed42,T_B15,42,101,8,1800,time_limit,True,0.0,0.3333333333333333,3.4120752811431885,0.582318686015942,25.183333333333334,1.2838679552078247,0.00189665107345369,0.4851707288953993,0.0516530524359809,5.165298394097222,0.07858189895631473,0.17804120269603044,0.9888888888888889
phase2_cartpole_controlled_ablation__T_B15__seed42,T_B15,42,101,9,1800,time_limit,True,0.0,0.36666666666666664,2.9979238510131836,0.46186143936946317,29.983333333333334,0.9952667951583862,0.0016664390500351215,0.47198252360026044,0.050998416476779516,5.0998328993055555,0.0755523230135433,0.16636355493624289,0.9994444444444445
phase2_cartpole_controlled_ablation__T_B15__seed42,T_B15,42,101,10,1800,time_limit,True,0.0,0.36666666666666664,2.8893613815307617,0.473315387081158,29.983333333333334,0.7927536368370056,0.0016060930414289948,0.47628875732421877,0.05108922322591146,5.108932834201389,0.07826622638372764,0.16362515078230788,0.9994444444444445
phase2_cartpole_controlled_ablation__T_B15__seed42,T_B15,42,101,11,1800,time_limit,True,0.0,0.3333333333333333,2.3176381587982178,0.44652147277103743,29.983333333333334,0.7927239537239075,0.0012882924729284147,0.4318009440104167,0.045891295539008246,4.5891319444444445,0.07213889433812978,0.14388493640892877,0.9994444444444445
phase2_cartpole_controlled_ablation__T_B15__seed42,T_B15,42,101,12,1800,time_limit,True,0.0033333333333333335,0.3333333333333333,6.195749759674072,0.49282108277640296,29.516666666666666,0.9664056301116943,0.0034439965312251654,0.49456695556640623,0.05615332285563151,5.615329318576389,0.09005482228403065,0.4582245483766949,0.9861111111111112
phase2_cartpole_controlled_ablation__T_B15__seed42,T_B15,42,101,13,1800,time_limit,True,0.0005555555555555556,0.36666666666666664,5.196087837219238,0.5087431209597972,29.216666666666665,0.9206034541130066,0.0028883200873925726,0.5226027764214409,0.057148348490397134,5.714839952256945,0.09208500798746615,0.3783007000756599,0.9772222222222222
phase2_cartpole_controlled_ablation__T_B15__seed42,T_B15,42,101,14,1800,time_limit,True,0.0011111111111111111,0.4,4.470764636993408,0.5134352340952655,29.866666666666667,0.9042617082595825,0.0024851387643098433,0.5049281819661459,0.05437435150146484,5.4374359809027775,0.08342287339408166,0.32055252799535067,0.9955555555555555
phase2_cartpole_controlled_ablation__T_B15__seed42,T_B15,42,101,15,1800,time_limit,True,0.0,0.4,2.7319741249084473,0.4627782219656565,30.0,0.8234710693359375,0.0015186070733232057,0.4657319471571181,0.049994316101074215,4.999429796006944,0.07622856617110937,0.1701150385257015,1.0
phase2_cartpole_controlled_ablation__T_B15__seed42,T_B15,42,101,16,1800,time_limit,True,0.002777777777777778,0.36666666666666664,6.223930835723877,0.5567873984127604,23.766666666666666,1.3416115045547485,0.0034596613872839785,0.5471382310655382,0.061396280924479164,6.139632161458334,0.1021729264283751,0.4767691875904703,0.9677777777777777
phase2_cartpole_controlled_ablation__T_B15__seed42,T_B15,42,101,17,1800,time_limit,True,0.0,0.36666666666666664,2.59189510345459,0.47718502998614903,29.983333333333334,0.7927521467208862,0.0014407421364394607,0.47617811414930555,0.050994474622938366,5.099446614583333,0.07851138042830014,0.15862988591165822,0.9994444444444445
phase2_cartpole_controlled_ablation__T_B15__seed42,T_B15,42,101,18,1800,time_limit,True,0.0005555555555555556,0.4,4.285301685333252,0.48098540635593834,28.383333333333333,0.8088529706001282,0.0023820465176949703,0.5044114854600694,0.053887528313530816,5.388746202256945,0.08562214335358119,0.20537175160131999,0.9822222222222222
phase2_cartpole_controlled_ablation__T_B15__seed42,T_B15,42,101,19,1800,time_limit,True,0.0,0.36666666666666664,2.9631197452545166,0.4826514685048759,28.15,0.8479329347610474,0.0016470926877457013,0.5013500637478299,0.05356145222981771,5.356145833333334,0.07862149297712555,0.1795472236080834,0.9866666666666667
phase2_cartpole_controlled_ablation__T_B15__seed42,T_B15,42,101,20,1800,time_limit,True,0.0,0.3333333333333333,3.248769521713257,0.4644153969993373,29.883333333333333,0.7927653193473816,0.0018058752205187642,0.47173329671223957,0.050248595343695746,5.024850260416667,0.07752520407746505,0.1999193134734244,0.9961111111111111
phase2_cartpole_controlled_ablation__T_B15__seed42,T_B15,42,101,21,1800,time_limit,True,0.0,0.3333333333333333,3.5483288764953613,0.5034362883039853,29.983333333333334,0.8149513006210327,0.001972389592270907,0.4680451117621528,0.049847149319118926,4.984716254340277,0.07675008478757114,0.16112923501920884,0.9994444444444445
phase2_cartpole_controlled_ablation__T_B15__seed42,T_B15,42,101,22,1800,time_limit,True,0.0005555555555555556,0.36666666666666664,4.473479270935059,0.5229658815444356,29.283333333333335,1.0452486276626587,0.00248664773259314,0.5225940280490451,0.05701789855957031,5.701781684027778,0.08975343744512902,0.32740284081150084,0.9794444444444445
phase2_cartpole_controlled_ablation__T_B15__seed42,T_B15,42,101,23,1800,time_limit,True,0.0011111111111111111,0.3333333333333333,5.187657833099365,0.517390705715817,25.5,0.9206457734107971,0.00288363414847102,0.496678466796875,0.054671240912543405,5.467117513020833,0.08352154141325202,0.3689800801860586,0.9916666666666667
phase2_cartpole_controlled_ablation__T_B15__seed42,T_B15,42,101,24,1800,time_limit,True,0.0,0.3333333333333333,2.7304296493530273,0.5130324164565885,29.983333333333334,0.9985947012901306,0.0015177485543930113,0.502356194390191,0.05361891852484809,5.361887478298611,0.07891590827274027,0.16966303846355826,0.9994444444444445
phase2_cartpole_controlled_ablation__T_B15__seed123,T_B15,123,101,0,1800,time_limit,True,0.0011111111111111111,0.06666666666666667,2.2251815795898438,0.4820095481225832,27.933333333333334,1.4515280723571777,0.0012368991548581678,0.1354816436767578,0.015979699028862846,1.5979688856336804,0.07454108307753746,0.36813367354503823,0.9555555555555556
phase2_cartpole_controlled_ablation__T_B15__seed123,T_B15,123,101,1,1800,time_limit,True,0.0,0.03333333333333333,1.4509775638580322,0.43782009464574334,29.983333333333334,1.0739890336990356,0.0008065467281034087,0.049329634772406684,0.006477184295654297,0.6477175564236111,0.02940827615468783,0.18404201748375293,0.9994444444444445
phase2_cartpole_controlled_ablation__T_B15__seed123,T_B15,123,101,2,1800,time_limit,True,0.0,0.0,0.5185792446136475,0.4186065073708696,29.983333333333334,0.4994277358055115,0.00028825972463237767,0.022382060156928167,0.0025553353627522785,0.25554036458333335,0.0238922590150595,0.06435087474118789,0.9994444444444445
phase2_cartpole_controlled_ablation__T_B15__seed123,T_B15,123,101,3,1800,time_limit,True,0.0,0.03333333333333333,1.7414705753326416,0.46660740794004896,29.566666666666666,1.3280943632125854,0.0009680214426529414,0.07000241173638237,0.008911117977566189,0.8911415608723958,0.04215732170108247,0.21318262697727677,0.9894444444444445
phase2_cartpole_controlled_ablation__T_B15__seed123,T_B15,123,101,4,1800,time_limit,True,0.0005555555555555556,0.06666666666666667,1.7090637683868408,0.4346991313831945,29.4,0.7441544532775879,0.0009500076533556647,0.08209304809570313,0.009696407318115234,0.9696432156032986,0.049789927836639096,0.22840011473988897,0.985
phase2_cartpole_controlled_ablation__T_B15__seed123,T_B15,123,101,5,1800,time_limit,True,0.0016666666666666668,0.06666666666666667,2.567399740219116,0.4685949721939991,29.566666666666666,1.4987106323242188,0.0014271260368088473,0.08680195278591579,0.012073516845703125,1.207348904079861,0.05097327028883803,0.40172220988370244,0.9883333333333333
phase2_cartpole_controlled_ablation__T_B15__seed123,T_B15,123,101,6,1800,time_limit,True,0.0005555555555555556,0.03333333333333333,1.4371962547302246,0.4204864986357341,29.4,0.9946373701095581,0.0007988861893997914,0.06023796081542969,0.007015302446153429,0.7015049913194444,0.038513743965275814,0.21993850696310682,0.9872222222222222
phase2_cartpole_controlled_ablation__T_B15__seed123,T_B15,123,101,7,1800,time_limit,True,0.0,0.03333333333333333,1.012449026107788,0.4239526946671506,29.883333333333333,0.8367069959640503,0.0005627843391371807,0.024903221130371092,0.0033336575826009114,0.3333734469943576,0.029306689843578506,0.244527349958915,0.9961111111111111
phase2_cartpole_controlled_ablation__T_B15__seed123,T_B15,123,101,8,1800,time_limit,True,0.0,0.06666666666666667,1.6274521350860596,0.4673692409997963,28.216666666666665,1.3226568698883057,0.0009046426543001998,0.10752805921766494,0.012384644614325629,1.2384661187065973,0.06027029657108393,0.2151886633186215,0.9655555555555555
phase2_cartpole_controlled_ablation__T_B15__seed123,T_B15,123,101,9,1800,time_limit,True,0.0,0.03333333333333333,1.0463392734527588,0.42641929051427735,29.983333333333334,0.9952667951583862,0.0005816227200960305,0.05544236501057943,0.006511402130126953,0.6511029052734375,0.03474113945094689,0.1406015937069724,0.9994444444444445
phase2_cartpole_controlled_ablation__T_B15__seed123,T_B15,123,101,10,1800,time_limit,True,0.0,0.0,0.23974114656448364,0.42378423991947045,29.983333333333334,0.602409839630127,0.00013326356118092476,0.030917771657307944,0.003191644615597195,0.31917161729600696,0.01851662820422335,0.047278222681251494,0.9994444444444445
phase2_cartpole_controlled_ablation__T_B15__seed123,T_B15,123,101,11,1800,time_limit,True,0.0,0.0,0.22351570427417755,0.42302857971237856,29.983333333333334,0.7402114272117615,0.0001242444159389536,0.01953576405843099,0.0020034917195638022,0.200353274875217,0.021080342494032938,0.03189121847655972,0.9994444444444445
phase2_cartpole_controlled_ablation__T_B15__seed123,T_B15,123,101,12,1800,time_limit,True,0.0011111111111111111,0.06666666666666667,2.382948875427246,0.4509391685825659,28.05,1.0621435642242432,0.0013245963732224826,0.13030384487575955,0.014979899724324544,1.4979877387152778,0.0782151477780314,0.35154260649733865,0.96
phase2_cartpole_controlled_ablation__T_B15__seed123,T_B15,123,101,13,1800,time_limit,True,0.0016666666666666668,0.03333333333333333,2.215597152709961,0.4336653000274713,29.483333333333334,0.8563965559005737,0.0012315715134574546,0.058622767130533854,0.008723720444573296,0.8723368326822917,0.04698224832220855,0.38135653537687375,0.985
phase2_cartpole_controlled_ablation__T_B15__seed123,T_B15,123,101,14,1800,time_limit,True,0.0011111111111111111,0.06666666666666667,1.9893407821655273,0.4282703904588198,29.133333333333333,0.7034803628921509,0.001105803658791288,0.09632336086697049,0.011343164443969727,1.1343195936414932,0.061357875122531234,0.3115492127855641,0.9761111111111112
phase2_cartpole_controlled_ablation__T_B15__seed123,T_B15,123,101,15,1800,time_limit,True,0.0,0.03333333333333333,0.4072648882865906,0.4253472797973317,30.0,0.8234710693359375,0.00022638404018154005,0.022791712019178602,0.0024275864495171442,0.2427647908528646,0.018798822840570144,0.06577727599031344,1.0
phase2_cartpole_controlled_ablation__T_B15__seed123,T_B15,123,101,16,1800,time_limit,True,0.002777777777777778,0.03333333333333333,2.922455310821533,0.45237427708951977,29.45,1.3923503160476685,0.001624488777555049,0.09563892788357205,0.013618483013576932,1.3618467881944445,0.062346498815986584,0.48510281481317974,0.9838888888888889
phase2_cartpole_controlled_ablation__T_B15__seed123,T_B15,123,101,17,1800,time_limit,True,0.0,0.03333333333333333,0.3631330132484436,0.43042892945735195,29.983333333333334,0.777577817440033,0.00020185270330652785,0.025584822760687933,0.002910158634185791,0.29102271185980905,0.02581172772828386,0.04922260087706938,0.9994444444444445
phase2_cartpole_controlled_ablation__T_B15__seed123,T_B15,123,101,18,1800,time_limit,True,0.0,0.03333333333333333,0.44434189796447754,0.43227784161502597,29.633333333333333,0.7756527662277222,0.00024699382877402866,0.06871966044108073,0.0075447469287448455,0.7544455973307291,0.050509319763168074,0.11998622850585859,0.9877777777777778
phase2_cartpole_controlled_ablation__T_B15__seed123,T_B15,123,101,19,1800,time_limit,True,0.0,0.06666666666666667,1.1323566436767578,0.4382101828275643,28.666666666666668,0.8479329347610474,0.0006294367113267136,0.07690863715277778,0.008765061696370443,0.8764680311414931,0.04106221454378565,0.15530532434859798,0.9883333333333333
phase2_cartpole_controlled_ablation__T_B15__seed123,T_B15,123,101,20,1800,time_limit,True,0.0,0.03333333333333333,1.3146311044692993,0.42010277514956745,29.916666666666668,0.6096908450126648,0.000730756589477098,0.052438023885091146,0.006269600126478407,0.6269489203559028,0.03443383855138252,0.21168953919671335,0.9972222222222222
phase2_cartpole_controlled_ablation__T_B15__seed123,T_B15,123,101,21,1800,time_limit,True,0.0,0.06666666666666667,1.4997241497039795,0.4377402188045681,28.566666666666666,0.8183155059814453,0.0008336432182901498,0.08152631971571181,0.00955386691623264,0.9553964572482639,0.0505747975537555,0.17565837719424493,0.9805555555555555
phase2_cartpole_controlled_ablation__T_B15__seed123,T_B15,123,101,22,1800,time_limit,True,0.0011111111111111111,0.03333333333333333,2.1023645401000977,0.43826130825225823,29.566666666666666,1.0021071434020996,0.0011686295386882143,0.05674459669325087,0.00809635321299235,0.8095934380425347,0.03899631063557299,0.3108031322817272,0.9883333333333333
phase2_cartpole_controlled_ablation__T_B15__seed123,T_B15,123,101,23,1800,time_limit,True,0.0011111111111111111,0.06666666666666667,2.1813769340515137,0.4417464082335961,28.233333333333334,0.9202607870101929,0.00121254971320262,0.11096881442599826,0.013252299626668294,1.325227322048611,0.06668779912434826,0.33706549158334115,0.9683333333333334
phase2_cartpole_controlled_ablation__T_B15__seed123,T_B15,123,101,24,1800,time_limit,True,0.0,0.0,0.3913433849811554,0.4311277157796377,29.983333333333334,0.9988478422164917,0.00021753384379163723,0.039948616027832035,0.0043252200550503205,0.4325288560655382,0.022996678978730117,0.060807768706166575,0.9994444444444445
phase2_cartpole_controlled_ablation__T_B60__seed7,T_B60,7,101,0,1800,time_limit,True,0.0005555555555555556,0.03333333333333333,2.301192283630371,0.8322092842258708,29.85,2.4036149978637695,0.0012791507969040418,0.22408983018663195,0.023140360514322916,2.3140326605902777,0.04344393834152352,0.2407138236666989,0.995
phase2_cartpole_controlled_ablation__T_B60__seed7,T_B60,7,101,1,1800,time_limit,True,0.0005555555555555556,0.0,1.1816500425338745,0.4366824695164013,29.983333333333334,1.1153463125228882,0.0006568371553829208,0.06060732947455512,0.006274641354878744,0.6274631754557292,0.01741189131758002,0.08913053772925891,0.9994444444444445
phase2_cartpole_controlled_ablation__T_B60__seed7,T_B60,7,101,2,1800,time_limit,True,0.0,0.0,0.3396245539188385,0.32875590387997217,29.983333333333334,0.36689090728759766,0.00018878518839290633,0.006073299513922797,0.0006631096866395738,0.06631091647677952,0.018046567179378987,0.013872982957265972,0.9994444444444445
phase2_cartpole_controlled_ablation__T_B60__seed7,T_B60,7,101,3,1800,time_limit,True,0.0,0.0,0.9166083335876465,0.4100715438325341,30.0,0.9910465478897095,0.0005095099130559457,0.04774298773871528,0.004982315169440375,0.49823028564453126,0.007977180249882471,0.058242247629990994,1.0
phase2_cartpole_controlled_ablation__T_B60__seed7,T_B60,7,101,4,1800,time_limit,True,0.0005555555555555556,0.0,1.4085323810577393,0.4009693691597156,29.95,0.7444595694541931,0.0007829529633450468,0.07798778110080296,0.008044556511773004,0.8044541422526041,0.022046945330421047,0.11141260462764727,0.9983333333333333
phase2_cartpole_controlled_ablation__T_B60__seed7,T_B60,7,101,5,1800,time_limit,True,0.0011111111111111111,0.03333333333333333,2.2843759059906006,0.6660224090359931,29.883333333333333,2.0400211811065674,0.0012698031717568651,0.1746506076388889,0.018121134440104165,1.8121122233072917,0.03828304918001327,0.2555738009514031,0.9961111111111111
phase2_cartpole_controlled_ablation__T_B60__seed7,T_B60,7,101,6,1800,time_limit,True,0.0005555555555555556,0.0,1.7138170003890991,0.37488003542649684,29.916666666666668,0.9946373701095581,0.0009526498056637571,0.08926641676161025,0.009187693066067166,0.9187674967447916,0.020911814368713887,0.14654494552118497,0.9972222222222222
phase2_cartpole_controlled_ablation__T_B60__seed7,T_B60,7,101,7,1800,time_limit,True,0.0011111111111111111,0.03333333333333333,2.2123844623565674,0.5481958874447023,29.9,1.5453330278396606,0.0012297856933610714,0.13710384792751737,0.014170059627956814,1.4170035807291668,0.03179921930175846,0.23701975492330607,0.9966666666666667
phase2_cartpole_controlled_ablation__T_B60__seed7,T_B60,7,101,8,1800,time_limit,True,0.0,0.03333333333333333,1.0476481914520264,0.4613188636877324,29.983333333333334,1.1306275129318237,0.0005823503009738891,0.09219571431477865,0.009540576934814454,0.9540577528211805,0.02015507493384788,0.0743272133832496,0.9994444444444445
phase2_cartpole_controlled_ablation__T_B60__seed7,T_B60,7,101,9,1800,time_limit,True,0.0,0.0,0.8331207633018494,0.35243581249072614,29.983333333333334,0.9952667951583862,0.00046310214747184513,0.04909712897406684,0.005138018396165636,0.5138023546006945,0.016953482948817596,0.04831918465495535,0.9994444444444445
phase2_cartpole_controlled_ablation__T_B60__seed7,T_B60,7,101,10,1800,time_limit,True,0.0,0.0,0.28192561864852905,0.3314571476660781,29.983333333333334,0.4328326880931854,0.00015671240614148363,0.02033617443508572,0.002120229270723131,0.21202239990234376,0.007527654149495651,0.017343312888990294,0.9994444444444445
phase2_cartpole_controlled_ablation__T_B60__seed7,T_B60,7,101,11,1800,time_limit,True,0.0,0.0,0.1501559019088745,0.35762274021532653,29.983333333333334,0.7402114272117615,8.346631568030823e-05,0.022123165130615234,0.0023101409276326495,0.2310148620605469,0.018341997729024184,0.013239194943833708,0.9994444444444445
phase2_cartpole_controlled_ablation__T_B60__seed7,T_B60,7,101,12,1800,time_limit,True,0.0005555555555555556,0.03333333333333333,2.1349291801452637,0.5701850421215157,29.85,1.46584951877594,0.0011867310617816919,0.16602703518337675,0.017119377983940972,1.7119368489583333,0.03870342436214259,0.20591837620382533,0.995
phase2_cartpole_controlled_ablation__T_B60__seed7,T_B60,7,101,13,1800,time_limit,True,0.0011111111111111111,0.0,2.103304624557495,0.5031041069247139,29.883333333333333,1.3473950624465942,0.0011691520981420207,0.1188831075032552,0.012264719009399414,1.2264747450086806,0.029397413887628586,0.21876037573049215,0.9961111111111111
phase2_cartpole_controlled_ablation__T_B60__seed7,T_B60,7,101,14,1800,time_limit,True,0.0005555555555555556,0.03333333333333333,2.200430154800415,0.62050728994509,29.833333333333332,1.6518102884292603,0.0012231407197334158,0.18653213500976562,0.019247650570339628,1.9247654893663195,0.038194404756159345,0.2176164204903065,0.9944444444444445
phase2_cartpole_controlled_ablation__T_B60__seed7,T_B60,7,101,15,1800,time_limit,True,0.0,0.0,1.1247278451919556,0.32462899967001996,30.0,0.8234710693359375,0.0006251961340700142,0.03959750705295139,0.004106940163506402,0.4106934950086806,0.00942482160691161,0.0754187338810925,1.0
phase2_cartpole_controlled_ablation__T_B60__seed7,T_B60,7,101,16,1800,time_limit,True,0.0016666666666666668,0.03333333333333333,2.345334053039551,0.6288527895238496,29.883333333333333,1.8767874240875244,0.0013036876337073657,0.17292368570963543,0.01788794411553277,1.7887928602430556,0.03894079619434149,0.26683288797837373,0.9961111111111111
phase2_cartpole_controlled_ablation__T_B60__seed7,T_B60,7,101,17,1800,time_limit,True,0.0,0.03333333333333333,0.9106587171554565,0.3327350970200679,29.983333333333334,0.6817212104797363,0.0005062027332715156,0.02713333553738064,0.0028764679696824816,0.28764584011501737,0.01534250202874639,0.04773576561344596,0.9994444444444445
phase2_cartpole_controlled_ablation__T_B60__seed7,T_B60,7,101,18,1800,time_limit,True,0.0005555555555555556,0.0,1.8250232934951782,0.42006885347671435,29.883333333333333,0.9373436570167542,0.0010144654216204436,0.09509658813476562,0.009787913428412544,0.9787911648220486,0.026999256259187882,0.1705058548892491,0.9961111111111111
phase2_cartpole_controlled_ablation__T_B60__seed7,T_B60,7,101,19,1800,time_limit,True,0.0,0.0,0.8322346210479736,0.4175759934268951,29.983333333333334,0.8961600661277771,0.000462609572566967,0.07719550238715278,0.007981675995720758,0.7981677924262153,0.012157083687065428,0.05485313883396914,0.9994444444444445
phase2_cartpole_controlled_ablation__T_B60__seed7,T_B60,7,101,20,1800,time_limit,True,0.0005555555555555556,0.0,1.7173762321472168,0.38641840890471485,29.9,0.6663880348205566,0.0009546282557794423,0.09021466573079427,0.00930750952826606,0.9307505289713541,0.022761159749416584,0.14672329329684264,0.9966666666666667
phase2_cartpole_controlled_ablation__T_B60__seed7,T_B60,7,101,21,1800,time_limit,True,0.0,0.0,0.5949581861495972,0.3717239144203327,29.983333333333334,0.6048324704170227,0.0003307160567813214,0.05787406921386719,0.006042544576856825,0.6042535400390625,0.015618210483022142,0.030615943901821558,0.9994444444444445
phase2_cartpole_controlled_ablation__T_B60__seed7,T_B60,7,101,22,1800,time_limit,True,0.0005555555555555556,0.0,1.6360255479812622,0.43554870453028804,29.933333333333334,1.0253901481628418,0.0009094083090501736,0.06827731238471137,0.007042811711629232,0.7042831081814236,0.018715691967849297,0.14318576224434593,0.9977777777777778
phase2_cartpole_controlled_ablation__T_B60__seed7,T_B60,7,101,23,1800,time_limit,True,0.0005555555555555556,0.03333333333333333,2.208057403564453,0.6592023176413804,29.85,1.7913421392440796,0.0012273804355555603,0.18658033582899305,0.019255303276909722,1.9255323621961806,0.03764528458713778,0.21870795920731181,0.995
phase2_cartpole_controlled_ablation__T_B60__seed7,T_B60,7,101,24,1800,time_limit,True,0.0,0.0,0.22836345434188843,0.3822866330348107,29.983333333333334,0.9975705146789551,0.00012693910747186684,0.04346626281738281,0.004472285906473796,0.4472285630967882,0.009735129744006867,0.010629803952156415,0.9994444444444445
phase2_cartpole_controlled_ablation__T_B60__seed42,T_B60,42,101,0,19,out_of_bounds,False,0.7368421052631579,0.0,7.548273086547852,1.0949831786785449,0.016666666666666666,2.8813424110412598,0.41934850480821395,10.590288664165296,3.455496537057977,345.54965049342104,1.355683582650082,5.408097933433427,0.05263157894736842
phase2_cartpole_controlled_ablation__T_B60__seed42,T_B60,42,101,1,12,out_of_bounds,False,0.9166666666666666,0.0,5.2372846603393555,1.5399036464851203,0.06666666666666667,2.6545681953430176,0.47611678730357776,9.253491719563803,3.491363843282064,349.1363932291667,0.5041593758657533,6.31673820408126,0.4166666666666667
phase2_cartpole_controlled_ablation__T_B60__seed42,T_B60,42,101,2,14,out_of_bounds,False,0.8571428571428571,0.0,6.656036853790283,1.3982429825778975,0.05,2.8711953163146973,0.5120028349069449,10.996005467006139,3.889096668788365,388.90966796875,0.8304003691079463,6.626959086917343,0.21428571428571427
phase2_cartpole_controlled_ablation__T_B60__seed42,T_B60,42,101,3,11,out_of_bounds,False,1.0,0.0,4.861717224121094,1.5731520563719046,0.06666666666666667,2.621516466140747,0.4861717224121094,9.966072082519531,3.7095857100053267,370.95854048295456,0.4979023279964865,6.294500666165954,0.45454545454545453
phase2_cartpole_controlled_ablation__T_B60__seed42,T_B60,42,101,4,15,out_of_bounds,False,0.8666666666666667,0.0,7.8588056564331055,1.080376644626566,0.0,2.5923218727111816,0.5613432611737933,12.020817057291667,4.175486501057943,417.5486653645833,1.0577237353513065,6.64721731605602,0.0
phase2_cartpole_controlled_ablation__T_B60__seed42,T_B60,42,101,5,12,out_of_bounds,False,0.9166666666666666,0.0,5.707345962524414,1.4426588286388466,0.05,2.5922088623046875,0.5188496329567649,9.48779551188151,3.6404685974121094,364.046875,0.36910184357123377,5.892374522605334,0.25
phase2_cartpole_controlled_ablation__T_B60__seed42,T_B60,42,101,6,16,out_of_bounds,False,0.75,0.0,6.059850692749023,1.2437125387253052,0.0,2.5792148113250732,0.4039900461832682,8.339699745178223,2.9672627449035645,296.72625732421875,1.0969240183079765,6.258550364680013,0.0
phase2_cartpole_controlled_ablation__T_B60__seed42,T_B60,42,101,7,14,out_of_bounds,False,0.8571428571428571,0.0,7.290740013122559,1.1954860757127517,0.05,2.704155206680298,0.5608261548555814,11.836813790457589,4.168891361781529,416.88916015625,0.4703074784049261,6.002011461512206,0.21428571428571427
phase2_cartpole_controlled_ablation__T_B60__seed42,T_B60,42,101,8,17,out_of_bounds,False,0.8235294117647058,0.0,9.320050239562988,1.1294846748444984,0.03333333333333333,2.7132554054260254,0.5825031399726868,13.297231337603401,4.456395766314338,445.6395622702206,1.0264045451046078,6.525768450231635,0.11764705882352941
phase2_cartpole_controlled_ablation__T_B60__seed42,T_B60,42,101,9,15,out_of_bounds,False,0.8666666666666667,0.0,8.148382186889648,1.240954566568589,0.05,2.9199767112731934,0.5820272990635463,13.177170817057291,4.461429341634115,446.14293619791664,0.9085294622592772,6.609483659961804,0.2
phase2_cartpole_controlled_ablation__T_B60__seed42,T_B60,42,101,10,13,out_of_bounds,False,0.9230769230769231,0.0,6.7800092697143555,1.1697424631880178,0.05,2.514258623123169,0.5650007724761963,11.901847252478966,4.2192984360914965,421.92983774038464,0.6833485190712318,6.414411282445224,0.3076923076923077
phase2_cartpole_controlled_ablation__T_B60__seed42,T_B60,42,101,11,13,out_of_bounds,False,0.8461538461538461,0.0,5.588911056518555,1.4271345720154605,0.05,2.6098647117614746,0.4657425880432129,9.19220205453726,3.412290719839243,341.22911658653845,0.7079457967700373,6.484627688542683,0.3076923076923077
phase2_cartpole_controlled_ablation__T_B60__seed42,T_B60,42,101,12,18,out_of_bounds,False,0.7222222222222222,0.0,3.9980831146240234,1.0688734690910349,0.06666666666666667,2.6275808811187744,0.23518135968376608,10.170116848415798,2.7675399780273438,276.75401475694446,0.48635944502212985,5.377344689563174,0.2222222222222222
phase2_cartpole_controlled_ablation__T_B60__seed42,T_B60,42,101,13,14,out_of_bounds,False,0.9285714285714286,0.0,7.465927600860596,1.214306566716512,0.05,2.7374465465545654,0.5743021231431228,12.621925354003906,4.333229609898159,433.322998046875,0.42405655351231,5.770707274475474,0.21428571428571427
phase2_cartpole_controlled_ablation__T_B60__seed42,T_B60,42,101,14,24,out_of_bounds,False,0.5416666666666666,0.0,4.474281311035156,0.9824008421166338,0.06666666666666667,2.6797378063201904,0.1945339700450068,8.106661478678385,2.193884531656901,219.38846842447916,0.5539666089600273,4.7005468929621586,0.16666666666666666
phase2_cartpole_controlled_ablation__T_B60__seed42,T_B60,42,101,15,13,out_of_bounds,False,1.0,0.0,6.41752815246582,1.3272504455847765,0.016666666666666666,2.7275424003601074,0.534794012705485,11.83071782038762,4.151679112361028,415.16793118990387,0.8819855828603209,6.581437662260698,0.15384615384615385
phase2_cartpole_controlled_ablation__T_B60__seed42,T_B60,42,101,16,13,out_of_bounds,False,0.9230769230769231,0.0,6.739066123962402,1.2777627577620083,0.06666666666666667,2.723496675491333,0.5615888436635336,12.11156991811899,4.26198225754958,426.19820462740387,0.4054500446044645,5.7657725919847005,0.3076923076923077
phase2_cartpole_controlled_ablation__T_B60__seed42,T_B60,42,101,17,13,out_of_bounds,False,1.0,0.0,5.7220916748046875,1.61421697986452,0.03333333333333333,2.973771333694458,0.4768409729003906,10.80093735914964,3.797554896428035,379.75552133413464,0.8394775465723345,6.60775376779199,0.23076923076923078
phase2_cartpole_controlled_ablation__T_B60__seed42,T_B60,42,101,18,15,out_of_bounds,False,0.8666666666666667,0.0,8.333974838256836,1.0006686835966512,0.05,2.3907217979431152,0.5952839170183454,12.947292073567708,4.426825968424479,442.6826171875,0.4925353904698373,6.040594822307789,0.26666666666666666
phase2_cartpole_controlled_ablation__T_B60__seed42,T_B60,42,101,19,15,out_of_bounds,False,0.8666666666666667,0.0,8.643774032592773,1.084809007373575,0.05,2.5619611740112305,0.6174124308994838,13.71248779296875,4.62101084391276,462.10107421875,0.881727279665994,6.495983271635217,0.2
phase2_cartpole_controlled_ablation__T_B60__seed42,T_B60,42,101,20,15,out_of_bounds,False,0.8,0.0,6.505317687988281,1.2420230908625158,0.016666666666666666,2.6692187786102295,0.4646655491420201,9.90155029296875,3.484722646077474,348.472265625,1.0890399188013442,6.440381320697524,0.06666666666666667
phase2_cartpole_controlled_ablation__T_B60__seed42,T_B60,42,101,21,15,out_of_bounds,False,0.8666666666666667,0.0,8.181280136108398,1.001307586271181,0.05,2.4518661499023438,0.5843771525791713,12.295817057291666,4.275582885742187,427.55830078125,0.8808646439467324,6.604379946115778,0.2
phase2_cartpole_controlled_ablation__T_B60__seed42,T_B60,42,101,22,12,out_of_bounds,False,1.0,0.0,6.038170337677002,1.2952672345359102,0.06666666666666667,2.571115255355835,0.5489245761524547,11.516527811686197,4.1482893625895185,414.8289388020833,0.40985837746686715,6.132581106303497,0.4166666666666667
phase2_cartpole_controlled_ablation__T_B60__seed42,T_B60,42,101,23,17,out_of_bounds,False,0.7647058823529411,0.0,6.481776237487793,1.2214946882089215,0.016666666666666666,2.780343770980835,0.40511101484298706,9.58815361471737,3.2147156210506664,321.4715935202206,1.3294827922332522,5.871453543264029,0.058823529411764705
phase2_cartpole_controlled_ablation__T_B60__seed42,T_B60,42,101,24,13,out_of_bounds,False,0.8461538461538461,0.0,5.0400824546813965,1.6671325423724233,0.05,2.8288521766662598,0.4200068712234497,8.707060006948618,3.176590552696815,317.65906700721155,0.775921275434471,6.585441670244108,0.23076923076923078
phase2_cartpole_controlled_ablation__T_B60__seed123,T_B60,123,101,0,1800,time_limit,True,0.0,0.03333333333333333,1.3758342266082764,0.8483544871272817,28.783333333333335,2.109434127807617,0.00076477722435146,0.10197733561197916,0.011293903986612955,1.129408230251736,0.0671063941507701,0.22597772540635186,0.9694444444444444
phase2_cartpole_controlled_ablation__T_B60__seed123,T_B60,123,101,1,1800,time_limit,True,0.0,0.03333333333333333,0.6624151468276978,0.6657316390108867,30.0,1.0254472494125366,0.00036821297766964856,0.06194561852349175,0.006598871019151476,0.6598928493923611,0.02052854428590226,0.10346478827367442,1.0
phase2_cartpole_controlled_ablation__T_B60__seed123,T_B60,123,101,2,1800,time_limit,True,0.0,0.0,0.22166423499584198,0.6597648669285494,29.983333333333334,0.7065561413764954,0.0001232152501366548,0.035028057098388674,0.0034607079293992784,0.34606964111328126,0.011447024183047248,0.021288544534804145,0.9994444444444445
phase2_cartpole_controlled_ablation__T_B60__seed123,T_B60,123,101,3,1800,time_limit,True,0.0,0.03333333333333333,1.2627410888671875,0.6799127829474635,29.3,1.4735267162322998,0.0007019127786921554,0.09154134114583333,0.009801437589857314,0.9801575385199652,0.05278688681224228,0.2098904819610938,0.9827777777777778
phase2_cartpole_controlled_ablation__T_B60__seed123,T_B60,123,101,4,1800,time_limit,True,0.0,0.0,0.7443214654922485,0.7137362160644237,29.916666666666668,0.9063295722007751,0.00041374178181892635,0.026546315087212457,0.0030619833204481336,0.3061985609266493,0.02199227368624181,0.09130794676779846,0.9972222222222222
phase2_cartpole_controlled_ablation__T_B60__seed123,T_B60,123,101,5,1800,time_limit,True,0.0,0.03333333333333333,1.3139231204986572,0.684509976265019,29.266666666666666,1.5796300172805786,0.0007303630464139284,0.10160946316189236,0.01159958733452691,1.1599424913194445,0.056973741588092486,0.3195148010911536,0.98
phase2_cartpole_controlled_ablation__T_B60__seed123,T_B60,123,101,6,1800,time_limit,True,0.0,0.0,0.7506983280181885,0.6853403777516222,29.8,0.9693061113357544,0.00041728645248370676,0.0452608871459961,0.004989058706495497,0.4989056396484375,0.035147346028364536,0.13275420860680262,0.9933333333333333
phase2_cartpole_controlled_ablation__T_B60__seed123,T_B60,123,101,7,1800,time_limit,True,0.0,0.03333333333333333,0.922468900680542,0.6554014437864484,29.816666666666666,0.7065559029579163,0.0005127675934855708,0.06652395884195964,0.007334172990587023,0.7334225802951388,0.044233993460954864,0.21485986760881118,0.9938888888888889
phase2_cartpole_controlled_ablation__T_B60__seed123,T_B60,123,101,8,1800,time_limit,True,0.0,0.03333333333333333,1.3472683429718018,0.7622545302315408,29.983333333333334,1.3154609203338623,0.00074889846746626,0.031261956956651474,0.003394828902350532,0.339483642578125,0.021610524665908095,0.07839237490637148,0.9994444444444445
phase2_cartpole_controlled_ablation__T_B60__seed123,T_B60,123,101,9,1800,time_limit,True,0.0,0.0,0.44140857458114624,0.68216184356498,29.983333333333334,0.706555962562561,0.0002453632988222047,0.017858263651529947,0.0019364064269595676,0.19363878038194443,0.0204264209438257,0.03392472568027175,0.9994444444444445
phase2_cartpole_controlled_ablation__T_B60__seed123,T_B60,123,101,10,1800,time_limit,True,0.0,0.03333333333333333,0.8922028541564941,0.6613203955174404,29.983333333333334,0.9555450677871704,0.0004959437766295132,0.04426722632514106,0.004633485476175944,0.4633476426866319,0.03134264247328308,0.09075539806461068,0.9994444444444445
phase2_cartpole_controlled_ablation__T_B60__seed123,T_B60,123,101,11,1800,time_limit,True,0.0,0.0,0.16116467118263245,0.6564585843696626,29.983333333333334,0.8004435300827026,8.958569826716645e-05,0.044912134806315104,0.004430071777767605,0.44300866021050345,0.019036729448008227,0.02700621556139061,0.9994444444444445
phase2_cartpole_controlled_ablation__T_B60__seed123,T_B60,123,101,12,1800,time_limit,True,0.0005555555555555556,0.03333333333333333,2.3894472122192383,0.7834887627685215,28.816666666666666,1.7168865203857422,0.0013282085671035232,0.10355657789442274,0.011158336003621419,1.1158561197916668,0.06582622256285199,0.23159266106268267,0.9694444444444444
phase2_cartpole_controlled_ablation__T_B60__seed123,T_B60,123,101,13,1800,time_limit,True,0.0011111111111111111,0.03333333333333333,1.861954927444458,0.6763715459370033,28.533333333333335,1.0928937196731567,0.0010349944010252686,0.1061507839626736,0.01257505840725369,1.25748779296875,0.07187124417576964,0.36351854602412503,0.9716666666666667
phase2_cartpole_controlled_ablation__T_B60__seed123,T_B60,123,101,14,1800,time_limit,True,0.0,0.03333333333333333,1.0182520151138306,0.7340479056939898,28.85,1.2734174728393555,0.0005660100139598836,0.08015458001030816,0.009060519536336263,0.9060700141059028,0.06045928635690659,0.20867378391725874,0.9727777777777777
phase2_cartpole_controlled_ablation__T_B60__seed123,T_B60,123,101,15,1800,time_limit,True,0.0,0.03333333333333333,0.9455760717391968,0.6662764360830374,29.516666666666666,0.7065560221672058,0.0005256120465476358,0.045351465013292104,0.004954004817538792,0.49540154351128474,0.04055442548655066,0.09740385134735224,0.9844444444444445
phase2_cartpole_controlled_ablation__T_B60__seed123,T_B60,123,101,16,67,out_of_bounds,False,0.47761194029850745,0.8955223880597015,3.753711700439453,1.5898812091052583,0.06666666666666667,2.9278483390808105,0.056874419703628075,6.590125695982976,1.0512543863324977,105.12542997901119,1.587675060608732,6.1062213918538815,0.07462686567164178
phase2_cartpole_controlled_ablation__T_B60__seed123,T_B60,123,101,17,1800,time_limit,True,0.0,0.03333333333333333,0.6086127758026123,0.6609179017648591,29.616666666666667,0.8319517970085144,0.0003383061566440313,0.05377348158094618,0.005638662444220649,0.5638663397894965,0.030594184448981262,0.07381292744009513,0.9922222222222222
phase2_cartpole_controlled_ablation__T_B60__seed123,T_B60,123,101,18,1800,time_limit,True,0.0,0.03333333333333333,0.6314378976821899,0.6735459982043162,29.8,0.7712764143943787,0.00035099382861711505,0.04175079345703125,0.004602201779683431,0.4602210489908854,0.03512058285489501,0.15267825883057703,0.9933333333333333
phase2_cartpole_controlled_ablation__T_B60__seed123,T_B60,123,101,19,1800,time_limit,True,0.0,0.03333333333333333,0.7602282762527466,0.7087487053789249,29.983333333333334,0.8304914236068726,0.0004225838111466073,0.019051676856146917,0.002058103349473741,0.2058097161187066,0.024091983583631668,0.054422977663782436,0.9994444444444445
phase2_cartpole_controlled_ablation__T_B60__seed123,T_B60,123,101,20,1800,time_limit,True,0.0,0.0,0.3406519889831543,0.6857559060277277,29.766666666666666,0.9054017663002014,0.00018935630293671722,0.03847601148817274,0.004327759477827284,0.4327759467230903,0.03501788378777082,0.11637186770122578,0.9922222222222222
phase2_cartpole_controlled_ablation__T_B60__seed123,T_B60,123,101,21,1800,time_limit,True,0.0,0.0,0.7454909086227417,0.7077626281639352,30.0,0.8961076736450195,0.0004143918335868492,0.012122262318929036,0.0013407177395290799,0.1340717993842231,0.009210412031763742,0.038427698183022455,1.0
phase2_cartpole_controlled_ablation__T_B60__seed123,T_B60,123,101,22,1800,time_limit,True,0.0,0.03333333333333333,1.4004802703857422,0.6690905186329918,29.216666666666665,1.181674838066101,0.0007784770819264826,0.08943915473090278,0.009659518135918511,0.9659617784288195,0.053250711339777185,0.24985195438819244,0.9794444444444445
phase2_cartpole_controlled_ablation__T_B60__seed123,T_B60,123,101,23,1800,time_limit,True,0.0,0.03333333333333333,1.2457339763641357,0.7682265624955861,28.833333333333332,1.5537292957305908,0.0006924591308305368,0.08388441297743056,0.009575209087795682,0.9575426567925347,0.06071372392538761,0.20953746458037348,0.9716666666666667
phase2_cartpole_controlled_ablation__T_B60__seed123,T_B60,123,101,24,1800,time_limit,True,0.0,0.0,0.22034382820129395,0.6597879941400658,29.983333333333334,0.9955307841300964,0.000122481283046856,0.05565277523464627,0.005552405781216092,0.5552391221788194,0.012571709960280694,0.022910047066361426,0.9994444444444445
